y,name,tier,src,src_is_y,target_year,hold,company,first_month,months,1y_n,1y_ann_ret,1y_vol,1y_maxdd,1y_sharpe,1y_calmar,1y_beta_eq,1y_beta_bond,1y_alpha,1y_t_alpha,1y_info_ratio,1y_up_cap,1y_down_cap,3y_n,3y_ann_ret,3y_vol,3y_maxdd,3y_sharpe,3y_calmar,3y_beta_eq,3y_beta_bond,3y_alpha,3y_t_alpha,3y_info_ratio,3y_up_cap,3y_down_cap,5y_n,5y_ann_ret,5y_vol,5y_maxdd,5y_sharpe,5y_calmar,5y_beta_eq,5y_beta_bond,5y_alpha,5y_t_alpha,5y_info_ratio,5y_up_cap,5y_down_cap,all_n,all_ann_ret,all_vol,all_maxdd,all_sharpe,all_calmar,all_beta_eq,all_beta_bond,all_alpha,all_t_alpha,all_info_ratio,all_up_cap,all_down_cap,y2020,y2021,y2022,y2023,y2024,y2025,y2026,y2019
017212,银华尊尚稳健养老混合(FOF)Y,FOF-稳健型,007310,False,,,银华,2019-08,85,12.0,0.011250540891388772,0.08245353982441844,-0.05585215605749494,-0.04547359781757767,0.20143431669508546,0.37115580797979547,2.4395553773307292,-0.08910555523512198,-6.325684552729881,-6.062990648272504,0.28676692471513565,0.3850999982669535,36.0,0.01003995542463687,0.08784254019194926,-0.08985890652557305,-0.05646517694643939,0.11173022032912885,0.37523892689512744,1.2341725711851663,-0.07216778224636966,-5.435693670974509,-3.033090223733941,0.2979323371987682,0.4183022328871311,60.0,-0.013457156860570363,0.07318322799573163,-0.17458413307741527,-0.38884806860705995,-0.07708121364387163,0.3457573962753675,0.5361897523708868,-0.03846444915280922,-3.7603741931846884,-1.6518330758541893,0.28389316081204236,0.37352394591038857,85.0,0.022213124350976443,0.07618067242782972,-0.17458413307741483,0.09468444056869997,0.12723449696958777,0.35826541246686183,0.045280396106612025,-0.018059251496276407,-1.8429904800972445,-0.686724657712977,0.31474066247114735,0.37397634025214166,0.18616144975288318,0.00964052287581696,-0.06182230134325928,-0.053303432810074325,0.00373542274052463,0.05509666878460595,0.0052477632484513315,
017229,交银养老2035三年(FOF)Y,FOF-均衡型,008697,False,2035.0,三年,交银,2020-04,77,12.0,0.07137105629163298,0.1981802317197284,-0.13927404942379984,0.28444338672161,0.5124505001966055,0.8844727517757225,2.198938820591973,-0.07896816372031945,-1.7355069175455256,-1.6717595745084972,0.7475750970336092,0.7952873467071401,36.0,0.0811342189434463,0.17337407553046924,-0.13927404942379984,0.38145390965227494,0.58255087203332,0.7295749431333579,1.156125922335293,-0.04108855044885651,-1.8049447951512874,-1.0223118857443325,0.6968696081553836,0.7094725189593662,60.0,0.018304564680549307,0.14721976021234143,-0.246849355216882,0.022446475091271654,0.07415277493622337,0.7062742276483142,0.6279902549802836,-0.015312117135853232,-1.0378338348143028,-0.4608670125980307,0.6981124050009064,0.685350315427039,77.0,0.06115815119429069,0.14197222567821316,-0.24684935521688145,0.3251209944324628,0.2477549562183674,0.6752625611361875,-0.25411008881548247,0.0028251460586594668,0.16893927640407186,0.06677864310258268,0.6578598296885174,0.6658232829494541,,0.045574945465876926,-0.09581998360777888,-0.07507210548001686,0.02361012116892347,0.22856645486987626,0.03691108749557226,
017235,交银安享稳健养老一年(FOF)Y,FOF-稳健型,006880,False,,一年,交银,2019-05,88,12.0,0.01784015223596569,0.0395009035845464,-0.029507947372423793,0.07190094347808333,0.6045880457492592,0.14395216348324344,2.6177436092276993,-0.06110149881988747,-2.726713062660158,-2.649482651400862,0.14508505224797302,0.1488143469555366,36.0,0.03251610566072638,0.04539185509891469,-0.032755959526667766,0.385886534545824,0.9926775503020722,0.18609417006071022,0.567838423525904,-0.00944299359250722,-0.9477323562361141,-0.5448012858543673,0.1900539830344389,0.15931475864686567,60.0,0.01705808249143792,0.039062875489161,-0.05361188019129037,0.052686405331552943,0.3181772851572015,0.18278308182257413,0.44061882394169477,-0.0018017730907333718,-0.27561104600695097,-0.12315518650349584,0.19419876960851815,0.15008097407653342,88.0,0.03464290247869872,0.03697332471218079,-0.05361188019129126,0.5312722789094324,0.6461795847317836,0.17894831451047388,0.26011233046357213,0.005444141368069699,1.0565830432174943,0.39114175434187165,0.19065198749976128,0.12955960086293433,0.1016769468003087,0.039804041641151144,-0.023052330472825067,-0.004133654839820422,0.03493600830162613,0.07027072192513328,0.0021859629947695858,
017236,南方富元稳健养老目标一年持有混合(FOF)Y,FOF-稳健型,007159,False,,一年,南方,2019-05,88,12.0,0.009404388714733258,0.0511846121732942,-0.03675907489661512,-0.10932213897258512,0.25583855799372257,0.14503862769239703,2.151013914355293,-0.058190457777885896,-1.3813038548483534,-1.3440648550297116,0.1427950274693514,0.17767073724508056,36.0,0.03825812066977674,0.08640751232757257,-0.07533889468196009,0.26916780778972954,0.5078136708971077,0.3199007377310124,1.2653004732556385,-0.03990234725437447,-1.4182488640142954,-0.8037410969303842,0.2511754395030619,0.22196947295364963,60.0,0.013226428318748651,0.07152087913203957,-0.1294993455497383,-0.024797956943133165,0.10213509776903563,0.2984653549875573,0.6477728175145796,-0.014065849093890415,-0.7835379602299465,-0.3481440182229323,0.2571205116172084,0.23153832062251836,88.0,0.035114820577563544,0.06570640552459013,-0.1294993455497383,0.30613180582577637,0.27115828600134967,0.2816333390237645,0.09617660788765846,-0.0001684507075950803,-0.01269630925955062,-0.004688060922007993,0.25833119473351346,0.22979218711336843,0.11546529366895464,0.0448756303957607,-0.04319371727748689,-0.053779069767441956,0.09108159392789372,0.0683229813664592,-0.0015503875968991832,
017237,天弘永丰稳健养老目标一年持有混合(FOF)Y,FOF-稳健型,013826,False,,一年,天弘,2021-11,58,12.0,0.031285988483685134,0.02718399997805176,-0.012613615284734037,0.5991019900248076,2.4803347634638766,0.10900959684649658,1.5921782038353847,-0.02091575388799627,-1.6939333868084465,-1.6776327107927413,0.1294073226556884,0.07182655816700077,36.0,0.042265320430914466,0.04976624028930289,-0.042250553155621096,0.5478677969727014,1.0003495167326917,0.1838330283165255,0.20237417914811823,0.011432461515081371,0.7595075559216842,0.44079487238874593,0.22343363911520842,0.17035913890807483,,,,,,,,,,,,,,58.0,0.01499724317822948,0.046125160649354985,-0.09254267744833766,-5.976828550206538e-05,0.16205758890649943,0.1961284852909714,0.2919540174023966,-0.0003213573264779779,-0.030464691185115692,-0.013855092552700142,0.21613031763509957,0.18403987190892473,,,-0.047419387042028416,-0.01781597149444558,0.04129321382842499,0.0806435085562045,0.018964536317087166,
017239,鹏华长治稳健养老一年持有期混合(FOF)Y,FOF-稳健型,012783,False,,一年,鹏华,2021-08,61,12.0,0.02199188823794529,0.09597335323002554,-0.07139261744966441,0.07285239082130829,0.30804148977239476,0.41117894942781325,0.8237911671536987,-0.04713167541449037,-1.3083334097054533,-1.279824413257532,0.3538803995444539,0.44053905914503727,36.0,0.05567266853805197,0.11964865835921754,-0.12243203984229101,0.3399341797543743,0.45472303336419034,0.4908804463013723,0.5291856224605923,-0.021810414163042857,-1.0842079727399856,-0.6196854015509657,0.4781343953574206,0.4979249381721128,60.0,0.02526660842638284,0.09681201150215481,-0.17523159434422275,0.10604684550071901,0.14418979933920725,0.4346715836752447,0.07214726878137911,0.011499702655302313,0.6842915372310419,0.3076341111197566,0.4471667960833075,0.39237367033262877,61.0,0.025028681042796208,0.09600435074569154,-0.17523159434422264,0.1044606933425491,0.1428320111819002,0.43404025569199534,0.0542664256582546,0.012895072963169163,0.7788889558247741,0.34749981541074454,0.4471667960833075,0.3883649901245146,,,-0.02765936353722631,-0.06535481239804275,0.030544343842041854,0.19074838573092068,0.008000711174326769,
017240,中银安康平衡养老目标三年持有混合发起(FOF)Y,FOF-均衡型,009003,False,,三年,中银,2020-03,78,12.0,0.06171964934029939,0.16547135766320195,-0.11523787277115927,0.2823428175128163,0.5355847678901796,0.729542575558022,-0.26046641454068964,-0.01772547460221785,-0.3980952717678557,-0.3948506321646367,0.6475611189639594,0.7017733319820759,36.0,0.055546372685154166,0.1374506943378479,-0.11523787277115938,0.2949884893669065,0.4820149083752939,0.5722672009835351,0.8441785578003366,-0.039706981245074324,-1.908322758484009,-1.0815728167236212,0.532095780220966,0.5750896428295564,60.0,0.005493904588012022,0.11881747430816801,-0.22587148257034873,-0.08000587007372946,0.02432314396440427,0.5658068111218992,0.4842999310081848,-0.022207386700689336,-1.6655731754950511,-0.7372546833458883,0.5404263821714163,0.5718556860071871,78.0,0.02831466206483957,0.10866045210826633,-0.2258714825703485,0.1225345726665411,0.12535740122049654,0.5035424366270312,0.4469885651723386,-0.024937724942707518,-1.463704355097208,-0.5675201807344517,0.4734621134203798,0.5239149767254564,,0.06561797752808962,-0.10552509489666795,-0.0785552621652208,0.029577320642717897,0.17017892644135224,0.0185185185185186,
017241,万家平衡养老目标三年(FOF)Y,FOF-均衡型,007232,False,,三年,万家,2019-04,89,12.0,0.02247437774524097,0.10313006052437665,-0.0719956571893875,0.07247525801145309,0.3121629640260274,0.4100972686270809,2.399700471488364,-0.08121812768054315,-1.5060409438813875,-1.4491212797348403,0.4259167716387788,0.5478949592266836,36.0,0.049658488632882136,0.1176328740383944,-0.09679556181170812,0.2946326774398957,0.5130244373133602,0.47725865265633916,0.2093759426615394,-0.01652836978685479,-0.8414377285477993,-0.48211301270547824,0.4767394456021776,0.5224781061770117,60.0,0.009910664474429565,0.10396463445349792,-0.19265783435719075,-0.04895256499792563,0.05144179320553885,0.47659394853167586,-0.1974075479904849,0.003246861003761259,0.234312345838155,0.10494351458591325,0.5048829930075045,0.519598422376887,89.0,0.04607896062806338,0.10104756552464064,-0.19265783435719042,0.30756763378415797,0.23917511987927945,0.4700341610451013,-0.3814165789998916,0.00977623958551721,0.8380822973783661,0.30911530867131276,0.4910325602977323,0.5088752885212594,0.2046477450169928,0.02127335112466633,-0.08227564581155733,-0.05296127562642383,0.021389914955759926,0.19402859545836804,-0.016200605761780507,
017242,南方养老2045三年持有混合(FOF)Y,FOF-均衡型,009573,False,2045.0,三年,南方,2020-07,74,12.0,0.026950605284085993,0.08834656198046775,-0.05838551362328659,0.1352696133973851,0.4615974684743882,0.3301182525402599,2.2763986726044365,-0.06573731482124046,-1.2121631635052315,-1.1751928105387155,0.3167762738724051,0.3662971101364087,36.0,0.05780237318279169,0.15480910187246635,-0.1273042061309706,0.27648486209843665,0.45404920182546515,0.5936937077430704,1.1474547599128295,-0.04767014094931943,-1.1278092041399008,-0.6367888295768781,0.48197879287275747,0.4780734175311871,60.0,0.011706282804897938,0.1291839176980202,-0.23092802010411073,-0.025496340827822244,0.05069234473850476,0.5657776897660096,0.5247932255223975,-0.016599114654536895,-0.6229749213146399,-0.27647685830701096,0.4929803785777183,0.488233102730601,74.0,0.024674874428152194,0.11867086979030118,-0.23092802010411073,0.08152695303614357,0.1068509331047305,0.512303713360105,0.08771844854097993,-0.012253883203832472,-0.48885076993593973,-0.1957490103867004,0.4483025218903479,0.4716063470873134,,0.02492870941035763,-0.09073774905762,-0.09238969499555783,0.12256661228928789,0.12216624685138577,0.0033670033670030186,
017243,中欧预见稳健养老目标一年持有混合(FOF)Y,FOF-稳健型,015999,False,,一年,中欧,2022-07,50,12.0,0.016078394063361978,0.036675691500327685,-0.02047111609646657,0.029403510042948847,0.7854185373965614,0.12804043707179805,2.800817484702181,-0.06492826329065293,-3.051826270542395,-2.959906886440229,0.11130357254245891,0.10404695340390663,36.0,0.026604980618136986,0.07798266691292419,-0.060074967075271046,0.1488148722984194,0.4428630078948229,0.29132669715784487,0.744516993753596,-0.03263652657007399,-1.3649994640937448,-0.7762237203505701,0.2239340469449011,0.23117419121300686,,,,,,,,,,,,,,50.0,0.015914363519257124,0.06782037742271621,-0.07791691512621757,0.013482135517442016,0.2042478644525063,0.27138614626253077,0.4022932955451787,-0.009936980982189536,-0.5234397736090654,-0.2552620584262189,0.2212003841909655,0.2000391016852171,,,,-0.033286118980169865,0.05860805860805862,0.04280771131982197,0.012514220705347023,
017246,万家聚优稳健养老目标一年持有混合(FOF)Y,FOF-稳健型,013741,False,,一年,万家,2022-05,52,12.0,0.03834328088261918,0.09499572855951902,-0.061238111129651385,0.24572979476644136,0.6261342842766656,0.43116948158484586,0.3282674874410272,-0.023070418454810726,-2.3290508055808687,-2.3043197724171334,0.38992620790347277,0.43133776071754204,36.0,0.04675897611399549,0.07514149337428229,-0.061238111129651385,0.42265564188088417,0.763560064989576,0.31697399447907787,0.8014509250345143,-0.018773599799337126,-1.5611983016264794,-0.8935759231477463,0.3214224919251952,0.30192968552922667,,,,,,,,,,,,,,52.0,0.03240524468823258,0.06426357716976625,-0.06279527559055098,0.27084151637330794,0.5160459028721694,0.2960939510712022,0.5915071423336146,-0.009382997100558232,-0.9368637210813312,-0.44811600089001435,0.2949923576393954,0.25870745573912723,,,,-0.008538422903063836,0.030192502532927712,0.10985444531864674,0.01745680106335845,
017247,华夏养老2040三年持有混合(FOF)Y,FOF-均衡型,006289,False,2040.0,三年,华夏,2018-09,96,12.0,-0.021180154936541906,0.07563771369502331,-0.05355575065847229,-0.4783348566354462,-0.39547863070034844,0.15126664536832396,4.512595370261947,-0.13661638963919642,-2.051755510829608,-1.9198768751281754,0.16079604726655236,0.3265454173671271,36.0,-0.0027908939186147563,0.16853167656348317,-0.23077565333555994,-0.10556409501992471,-0.012093537070639985,0.5893742806694096,-1.016737673272016,-0.03951056876619807,-0.8034870248623041,-0.4554316552542805,0.4698408164952378,0.7099620634773882,60.0,-0.054101696193070814,0.15154336481293967,-0.4126235256614601,-0.45598628668676955,-0.1311163635334233,0.609309404232937,-0.39079065376676014,-0.05433975412867309,-1.5028348833045817,-0.6551804985126983,0.5103203149648959,0.7761898941749388,96.0,0.021735174016970893,0.14113520377689726,-0.41262352566145966,0.047721431908779297,0.0526755569308079,0.6046492022871023,0.0012406244659270544,-0.04018255863604325,-1.5572190894260245,-0.5403453385904581,0.5381738670597387,0.7023371686129791,0.3296168480665427,-0.022827099693864095,-0.15902744670707614,-0.12285390346614855,-0.03305327301264871,0.16585505585792082,-0.02727272727272745,0.1259340440370622
017248,华夏养老2045三年持有混合(FOF)Y,FOF-均衡型,017248,True,2045.0,三年,华夏,2022-11,46,12.0,0.04750353749747305,0.26406715322776436,-0.17966823582156466,0.12308815049571105,0.2643958587351557,1.1537029882041463,0.23624493721565784,-0.07584179990868622,-0.9538148172122186,-0.9201873179963592,1.0213881014875463,1.249950435967687,36.0,0.01898876327465926,0.1879257229442901,-0.1850541073980807,0.021225211813295588,0.10261195248053274,0.6882386376498436,1.983021211108111,-0.11093461163329932,-1.884959626718052,-1.031773727162023,0.6419858044353784,0.8696513174965537,,,,,,,,,,,,,,46.0,0.0031790058074263605,0.17059126149449547,-0.2470603030874674,-0.06929425393196399,0.012867327400229445,0.6856219491263393,1.522092923874896,-0.08573578553955152,-1.8063197573401786,-0.8857447408138859,0.6495103852146837,0.8460085352055974,,,,-0.10174533915113027,-0.0821373371605213,0.25619437094058184,-0.0076599004212944966,
017249,嘉实养老2050混合(FOF)Y,FOF-均衡型,007188,False,2050.0,,嘉实,2019-04,89,12.0,0.06817102137767206,0.19324294968868902,-0.11988469655633927,0.2751511579766798,0.5686382276960212,0.8658147415204085,-0.6473834004471846,-0.01604067202547177,-0.4572988729150593,-0.45392700700492444,0.8053418062251297,0.9022032937499446,36.0,0.08955663085063814,0.17997092934363526,-0.15366362263608258,0.414270410907754,0.5828095766213498,0.7460082686267725,0.22504369958759177,-0.007556087641090725,-0.38095553573639396,-0.21918202369038048,0.7660609321099354,0.7820530220268759,60.0,0.009999584417500929,0.15663353353144338,-0.3216529306668201,-0.03192429788028285,0.031088118478419413,0.7504271704178213,0.24963390067898908,-0.012945009312477884,-1.024368530187982,-0.45538710425091955,0.7526695734655094,0.7773474793942556,89.0,0.08237988822370079,0.15780932983066942,-0.32165293066682,0.42697024501656466,0.2561142161923372,0.7483196784014448,-0.36738277039639705,0.020520917239554848,1.226283157743079,0.45450343916674996,0.7781540679244401,0.746053165718952,0.37690856064505085,0.07693745327685075,-0.13877480187424063,-0.1284255776464267,0.04115289765721353,0.2698741672834939,0.04849615294940546,
017250,嘉实养老2030混合(FOF)Y,FOF-均衡型,006245,False,2030.0,,嘉实,2019-08,85,12.0,0.06419430301362361,0.13256322503291357,-0.08317534095773937,0.3711006804595269,0.7717948886586488,0.5933209811732882,0.3755888454624763,-0.017169947768642446,-0.6228410431215053,-0.6179242314166591,0.5740810295480118,0.5981409505947284,36.0,0.06368194986475384,0.12469918738426555,-0.12005913476501706,0.3903950850516648,0.5304215292688378,0.5178609876496305,0.2804906745305965,-0.010066543006698736,-0.6819792061220998,-0.39192090526642914,0.5323783648984548,0.5488756475713251,60.0,0.0069034880833165335,0.11152274543987169,-0.25436803586734325,-0.07259964668865473,0.027139762508984446,0.5324388382317051,0.2577273681243821,-0.014032714067567564,-1.3241079325320178,-0.5883407851556767,0.537696801459002,0.5664770478808585,85.0,0.06350535902503918,0.11945202026301352,-0.25436803586734325,0.4060656229860192,0.24965935208210743,0.5629406184968755,-0.14407573443444782,0.007336552880426117,0.5316071363380579,0.20041394856434128,0.5804700687483676,0.5750276008372218,0.291069962601477,0.06726013847675594,-0.10797034291010177,-0.10337662337662334,0.03683165038900804,0.1849604853516411,0.04196981945567213,
017251,工银养老2035三年持有Y,FOF-均衡型,006295,False,2035.0,三年,工银,2018-10,95,12.0,0.021379179090274647,0.12109417911886891,-0.06528172348484851,0.05267948580759356,0.3274910334626295,0.498408906314768,3.8029949463026953,-0.12139174111345108,-2.254083252289972,-2.1257411717296795,0.4733137219076716,0.6182313591175226,36.0,0.05721452609725919,0.124416999591112,-0.1213211009174312,0.33929869902018495,0.47159583670608374,0.5026206755638223,0.39953148049937776,-0.01765729231441371,-0.7600849448481872,-0.43527236290114973,0.5148928784510536,0.5483227170645198,60.0,0.005031589624668875,0.1128261663374511,-0.2533832241970688,-0.08835193731139163,0.019857627278258783,0.5199900039727964,0.034005917980488284,-0.008908781946978417,-0.5671755099013093,-0.2526112297907222,0.5346224656926639,0.5702693346130059,95.0,0.062002095832020654,0.11503437589381847,-0.25979967849635177,0.4085917402238575,0.23865347405690232,0.5298887706015099,-0.08705413663881492,0.0037592533275776496,0.2387159318572374,0.08498795135313637,0.5517359245038695,0.5595963042751328,0.3642951833848871,0.016518753643842476,-0.10846291103747108,-0.07812723373838493,0.04124990307823562,0.21878025169409487,-0.016313313374472616,0.1256466374850771
017252,工银稳健养老一年持有Y,FOF-稳健型,009335,False,,一年,工银,2020-09,72,12.0,0.010439903631659142,0.06492085605293132,-0.03855753507186477,-0.07024085395027625,0.2707616970898403,0.2803066187971036,2.53250041591569,-0.08184595939208472,-3.9017567588317874,-3.7531348677398597,0.2513259266908144,0.3384848107033782,36.0,0.03437919413130741,0.06691020850205197,-0.06929241594996083,0.2896298571646672,0.4961465646707163,0.27623248493428254,0.5707088013527013,-0.018805935751718073,-1.504700726467828,-0.8612257008676609,0.274088816930783,0.28127145752335786,60.0,0.016155312307969405,0.05839555247035755,-0.1115775725347512,0.019784251695467034,0.14478996039224443,0.2737170291298236,0.35323842416111334,-0.002588334786994273,-0.30148605527092737,-0.13466863796903947,0.28187012208348305,0.2511519899613883,72.0,0.020922414462579697,0.05560388902706499,-0.11157757253475153,0.10651079566929184,0.18751451557223367,0.270623393739057,0.11946950594469079,0.0029886336061233365,0.3793730522782533,0.15509043667767713,0.28150689918577226,0.2537230980008874,,0.03002800038621234,-0.03712035995500562,-0.031152647975077885,0.04029340836012851,0.09369264947358236,8.831581736257199e-05,
017253,易方达汇诚养老2043三年持有混合(FOF)Y,FOF-均衡型,006292,False,2043.0,三年,易方达,2018-12,93,12.0,0.06039821535593015,0.11763752979309675,-0.06544188280499519,0.38591608847769454,0.9229290596040117,0.5321252069657672,0.6513070267515759,-0.020906397326544313,-1.2296056317815895,-1.217778482951044,0.5406979168677692,0.5687277720699248,36.0,0.07294458106675639,0.1437628663017566,-0.10409556313993162,0.40305666238687377,0.7007463033626113,0.5958563886507225,-0.05888672635044174,0.0002456327882458531,0.020780104817148787,0.011998749737541321,0.6008790665745005,0.6106390475641987,60.0,0.02094828478873323,0.12698790472099247,-0.2092290839381079,0.04684134919622714,0.10012128521735508,0.5853151207666389,-0.6421295103984119,0.025779583437567144,2.054934994682926,0.9298034807086354,0.6182602820729726,0.5943801539295218,93.0,0.06186974653407673,0.11257719100639052,-0.20922908393810746,0.41633430462318194,0.29570337626856197,0.5209016983110588,-0.17922020964335747,0.0053488636803993295,0.384842327926091,0.13857802129349017,0.5256484066598873,0.5286694343014038,0.24899021631810458,0.049658641753502764,-0.10892783787484572,-0.053246254321936415,0.044067521506249374,0.197201710066071,0.033891702376315,0.11143256185155637
017254,汇添富养老2050五年持有混合(FOF)Y,FOF-进取型,017254,True,2050.0,五年,汇添富,2022-11,46,12.0,0.07983357170719008,0.25645221534934015,-0.16698841698841715,0.25280955993643317,0.478078498778317,1.1518562886856958,3.4420060011516744,-0.11940325645377281,-2.3883651547585045,-2.2546582708615794,0.9916154611014443,1.0884069810209693,36.0,0.08779842587553777,0.2072862153368204,-0.16698841698841693,0.35119762188357406,0.5257755445494633,0.8369351664709826,0.5345484122934766,-0.025397687794475376,-0.6732073921276693,-0.3841310236401233,0.8258135333949018,0.8621219476471432,,,,,,,,,,,,,,46.0,0.050351435966773606,0.1876200581414755,-0.20607028753993584,0.1884203443755291,0.24434107686201798,0.835960401766831,0.44334266561610625,-0.023739039488493097,-0.8040338561650056,-0.40617588054400455,0.8163205930993914,0.8602845478028247,,,,-0.1082317073170731,0.019210419210419438,0.2528552032585256,0.05883852871804707,
017255,易方达汇智稳健养老一年持有混合(FOF)Y,FOF-稳健型,007247,False,,一年,易方达,2019-11,82,12.0,0.006615037108744559,0.03846176901668188,-0.022104681455751285,-0.21800772833976154,0.299259553773096,0.16303805074134545,1.0018924274888374,-0.03755027623192175,-2.4235618020207528,-2.381562751921335,0.15464239243573524,0.20958912701990431,36.0,0.035013521509624335,0.06512478390426554,-0.045850364314910186,0.3073103711030278,0.7636476183513815,0.26059647916970935,0.08495307246622659,-0.0018370913347017792,-0.1492478355829585,-0.08609570025490329,0.262423385182981,0.26043427721773416,60.0,0.01716655696127778,0.05522255664938447,-0.07351164797239029,0.03923318826097721,0.23352159058827304,0.2468837177179475,-0.08854735775442836,0.012040261008775532,1.3097895395629002,0.5889811693673491,0.2601595475476651,0.2227347910238905,82.0,0.032927874137879565,0.05155531259897478,-0.07351164797238974,0.34774057675359876,0.4479273019460393,0.23809854578642006,0.1681040025989564,0.002567463402637582,0.3338900096416904,0.12787853212765746,0.24658707920825493,0.21448882354501536,0.11155259759610603,0.035746201966040836,-0.034598792062122685,-0.012959156314237164,0.04264759145237251,0.0864958749457232,-0.0026376788426185627,
017256,汇添富养老2030三年持有混合(FOF)Y,FOF-均衡型,006763,False,2030.0,三年,汇添富,2018-12,93,12.0,0.07871866695396124,0.2438889119347925,-0.16832989217710492,0.2612610243265074,0.4676452051138901,1.068939094754609,-1.8740480822959484,0.006942155221175472,0.10205585914491802,0.10238017701900809,0.9373025019040396,1.0199635021380293,36.0,0.06424346399459435,0.16299135370959267,-0.16832989217710492,0.3021231671118772,0.38165214249054397,0.6111077083977443,1.162875437808271,-0.04209424329097056,-0.878570955395752,-0.4973808480418212,0.6207900243309998,0.6629060500401813,60.0,-0.005139840369883686,0.1402800391984493,-0.27246771786386337,-0.14356882479475608,-0.01886403427965647,0.6095899520863708,0.6285998545987311,-0.035298040192399016,-1.1884969486888275,-0.5228572572848945,0.5820835573516878,0.652066808903213,93.0,0.053882976430522644,0.14506809243195282,-0.31634146341463465,0.26803258923916373,0.17033169110650925,0.6330305553736671,0.057141979094406936,-0.019021623048353642,-0.7542541968431576,-0.2685658280171638,0.6195926433904093,0.6987321843241743,0.3586305533208183,-0.003355483913415558,-0.14714813836810148,-0.08746807028407766,0.008143184324369779,0.21539755994951593,0.039736933194877144,0.11791745777955431
017257,建信优享稳健养老目标一年持有期混合(FOF)Y,FOF-稳健型,006581,False,,一年,建信,2019-01,92,12.0,-0.0197224251278304,0.048081127678688454,-0.02967683204369609,-0.7221632853511631,-0.6645731289239752,0.20710583616553746,-0.6858329258656304,-0.029723241232272546,-1.9569830984085803,-1.9301775748816605,0.1554253706785976,0.31855558889584773,36.0,0.013096498107621368,0.0484710249561692,-0.04736077481840195,-0.039270923074143926,0.2765262637243161,0.17940746166544816,0.1512685799501693,-0.014893334969671601,-1.04898623479759,-0.6014871694309942,0.19324502298874816,0.2480567432692022,60.0,-0.01452733170078957,0.04521307855639986,-0.14847199376677345,-0.6530705858473335,-0.09784560260980776,0.19288332363988853,0.07180309068931319,-0.02256336255521596,-2.293507889783713,-1.0150370082811733,0.1876105224731574,0.2736996489900653,92.0,0.009306186267221905,0.045241086264166896,-0.15309109695195422,-0.12585492973204462,0.06078855304134726,0.20023899283301014,0.022849141046407964,-0.017424704037129146,-2.296954876192581,-0.8229164348616739,0.18451884623412032,0.26054084402392486,0.09225994545283567,-0.01282934389529855,-0.08512865242041012,-0.03861187911145003,0.011205870686236352,0.05697754241443542,-0.0038968268695490638,0.06329999999999991
017258,建信普泽养老目标日期2040三年持有混合(FOF)Y,FOF-均衡型,012283,False,2040.0,三年,建信,2021-07,62,12.0,0.017166970365397605,0.13117187453172574,-0.07533512064343162,0.01652008384521099,0.22787473118481522,0.5825947682967365,0.6358814564650758,-0.06552394134795803,-2.037865888318614,-1.9759162919317566,0.5296393026276608,0.7171274613293275,36.0,0.07221959644808162,0.1411914420672786,-0.08902835890283578,0.40526249757273625,0.8111976603646149,0.5811072592829708,0.06335762362703548,-0.0023589126462142396,-0.13905260234748218,-0.08019522196922367,0.5877765109813837,0.5939056901158861,60.0,0.009744873786878383,0.12134788264961538,-0.23224605740033266,-0.04330628683728643,0.041959264652147436,0.5715701216357819,-0.11825583908208644,-0.000881296904448714,-0.07678404097266789,-0.0343249944110975,0.5773564546194291,0.5962901411859215,62.0,0.011452460875913673,0.11936622467013948,-0.232246057400333,-0.02971978994803356,0.049311755833910884,0.5703003081904957,-0.14676055455888673,0.002564122135321867,0.22579094121346527,0.0994514568746,0.5770349899737829,0.5862839039898479,,,-0.12241054613935975,-0.06381296589112229,0.058390638195198186,0.20802462099623842,0.0007548594074353598,
017259,景顺稳健养老目标三年混合(FOF)Y,FOF-均衡型,007272,False,,三年,景顺,2019-09,84,12.0,0.061890026184241886,0.07784744706665664,-0.04811547714514819,0.6023322273380711,1.2862810441958317,0.27828876357127785,3.563357431278706,-0.057094181229865204,-1.1415456978418819,-1.1113564757208034,0.3545442712527721,0.28945010111270925,36.0,0.06458711550492025,0.06716038453906263,-0.04811547714514841,0.7383387668973037,1.3423355505772576,0.2622815141944259,0.5916656155634799,0.011290379315677335,0.6294477574726396,0.36528858808160375,0.3131464682419665,0.21602240859058286,60.0,0.017252096060878408,0.0659156890348133,-0.13747264326821773,0.034166312965172314,0.12549475772585889,0.2851082887367318,0.24614835117971795,0.0016315624954250652,0.11424636844281401,0.05113072492458925,0.31388716860622423,0.28163839723538286,84.0,0.042522106295685536,0.06938274115893582,-0.14282261962300613,0.3966707834826004,0.2977266934882351,0.309309763421717,-0.019475115734116238,0.010274278992982389,0.8811264457074344,0.33459987254277584,0.3348954201417015,0.3011563149925004,0.19753937007874,-0.00016437905810795517,-0.09683518290176762,0.0009101665604809295,0.04746749113394544,0.13959545099400983,0.019501790203397817,
017260,富国鑫旺稳健养老目标一年持有期混合(FOF)Y,FOF-稳健型,006297,False,,一年,富国,2018-12,93,12.0,0.0065789473684205735,0.0499647700529723,-0.02717805435610876,-0.1685398056000555,0.24206837186422198,0.19866349871277134,-0.2922179857339588,-0.011742497348697811,-0.44511875715196514,-0.4427180286430235,0.14040331618765178,0.18573120501353516,36.0,0.013878382583446092,0.05005426975965835,-0.04499417406112782,-0.0224080267665374,0.3084484352261097,0.19442939636310314,0.3016544478970204,-0.020502458638554488,-1.5945824899468946,-0.9119491239008496,0.15956705121369508,0.19011472947654356,60.0,0.0020246233403922176,0.04132973689601991,-0.0836773305813554,-0.31394771982827024,0.024195601440987348,0.17732016031339665,0.25372899490675,-0.01094800704697585,-1.162776979853147,-0.5173951640268355,0.1411842021062701,0.15097302498227122,93.0,0.019652670597347655,0.037251953912886285,-0.0836773305813554,0.12489735728300126,0.23486254234939197,0.1619513253417343,0.14581133162364934,-0.004778300825205917,-0.6836640669329118,-0.24504108508391512,0.13814860634325654,0.12520554928007768,0.06271122793841499,0.027208480565371618,-0.033969728242174146,-0.011484020297338415,0.003692363112391517,0.049977568416330165,-0.006323705349512987,0.06466766616691655
017263,富国鑫旺均衡养老目标三年持有混合发起(FOF)Y,FOF-均衡型,007662,False,,三年,富国,2020-03,78,12.0,-0.0009031198686370034,0.14198821771928194,-0.1015174506828529,-0.11200309521511351,-0.008896203190310684,0.6385733663739156,0.5394538182708705,-0.08560342723336933,-3.430136568546718,-3.2933812091877015,0.4980250287555847,0.7358804209995222,36.0,0.033518753011936075,0.12982901445665604,-0.1015174506828529,0.142639556261275,0.3301772531370083,0.5386834928011578,0.24874167632908986,-0.03950589896046275,-2.647828801631942,-1.5008428067744153,0.49309615590722866,0.6106775014873602,60.0,-0.0030453615907114484,0.11052216198644009,-0.19825306514945096,-0.16327369340572095,-0.015360981119841627,0.5221310061130716,0.0685461064421796,-0.018137333149879975,-1.6104105389888967,-0.7141907397823299,0.48682319582939115,0.5497566045073604,78.0,0.030661698546544214,0.10522203431001426,-0.19825306514945118,0.14884428579284414,0.1546593921432195,0.5007201118876278,0.13708302665725583,-0.0147582130750884,-1.1629807259354643,-0.4530647480796784,0.47396489006520914,0.5156158269764192,,0.04135967849966571,-0.10845795143913828,-0.031292271620524725,-0.008750698194004536,0.15007513148008989,-0.006287767434264069,
017268,天弘养老2035三年(FOF)Y,FOF-均衡型,007748,False,2035.0,三年,天弘,2019-09,84,12.0,0.06627596311298811,0.08063869430499576,-0.03598844407758994,0.6358729336446044,1.84159012182075,0.299237444821119,3.9610036776584434,-0.06456436325040604,-1.3563955950344064,-1.3157734721306031,0.3553362517872013,0.2728740214264761,36.0,0.054238908316886825,0.0983224410515723,-0.09063358272563693,0.3990839517125612,0.598441622693843,0.387420185345794,0.07727572665834183,0.0020560175023305316,0.09973077932372185,0.057633831798178964,0.4099895186334683,0.4043887186534183,60.0,-0.0038825886404232346,0.09321009934447887,-0.24684288963840284,-0.20258093031999017,-0.01572898715499074,0.41254528805185636,-0.3370874503511,-0.00509288072633074,-0.3313916983126499,-0.14785661337016115,0.4285968059832458,0.49336695923466994,84.0,0.030874273767830918,0.0989597224780503,-0.2468428896384025,0.16041146206075813,0.12507661781572202,0.4543842352881216,-0.1285870018224103,-0.011545184336471115,-0.8506742852166524,-0.3198197292270304,0.4609054065545308,0.540348698831176,0.17454017424975787,0.036841671474491244,-0.1348171701112877,-0.05953693495038581,0.008694802657287726,0.14295399515738438,0.04838573002287938,
017270,招商和悦稳健养老一年持有期混合(FOF)Y,FOF-稳健型,006861,False,,一年,招商,2019-04,89,12.0,0.06719479417173524,0.04858798633533401,-0.020628286369152038,1.0742325028970854,3.257410381514759,0.1992127015895889,0.6317140323410839,0.025057198141713144,1.0419640587168963,1.0538770748953374,0.2789190172905198,0.15861336776862162,36.0,0.05585383752502593,0.04645683777608577,-0.02714932126696823,0.8793934215224598,2.057283015505129,0.19109089710675314,0.6483666613372301,0.009946924845407379,0.9611236153564674,0.5574302728282028,0.24069379530211255,0.1411908636918012,60.0,0.03269661039075067,0.042058313982649316,-0.044371216185148055,0.4207636663241234,0.7368878566302378,0.19683537742000753,0.6741467303504296,0.006352738943659286,0.8485775974673372,0.3805991412609655,0.2427529580019341,0.14151264808576525,89.0,0.05702478256672494,0.04380387340652457,-0.044371216185148166,0.9593850794132138,1.2851751083129461,0.2037478989790898,0.427933055252656,0.022103689628901968,3.0388375295059373,1.1271028429158765,0.25722614894160156,0.11589746661040345,0.1368796322356698,0.07682785938273651,-0.023296804352823997,0.0007061592781485437,0.053943860749568584,0.07446808510638192,0.04465831198504455,
017271,华宝稳健养老(FOF)Y,FOF-稳健型,007255,False,,,华宝,2019-04,89,12.0,0.0561906896809381,0.12195228526927462,-0.08209054593874843,0.3377607036226317,0.684496479324971,0.5451700913545955,0.7357258435225966,-0.027919786220464315,-1.0394374239703554,-1.0260681861781744,0.4808448632838609,0.49015942240518434,36.0,0.05469515583966955,0.0833658901513261,-0.08209054593874832,0.47615584464599064,0.6662783785173049,0.33010970134389706,1.2329590040015497,-0.02509253284700741,-1.1218643018628933,-0.6402253458041026,0.33165935438059235,0.28185598166509523,60.0,0.028435502288055803,0.06639717885287662,-0.08209054593874832,0.20235049922567183,0.34639192568256144,0.28837157274103914,0.7566665869596595,-0.0022458030765163395,-0.14626146163564194,-0.06534275845135823,0.2893983811186181,0.20720902934993543,89.0,0.04775260338607534,0.06505456614299865,-0.08209054593874832,0.5034635587927946,0.5817064905586795,0.2702157934109234,0.2323662428529646,0.01263461950427791,0.8907806683187062,0.32897918662097775,0.27785611560535106,0.18609163156325811,0.1808121632024633,0.008638252791133727,-0.02375373676981496,-0.01390383182984345,0.033906840117499115,0.10609627404821853,0.037355056509613904,
017272,招商和惠养老目标2040三年持有期混合(FOF)Y,FOF-均衡型,012037,False,2040.0,三年,招商,2022-01,56,12.0,0.07210555658799445,0.132964960197285,-0.07432432432432423,0.42947823624558557,0.9701474886384719,0.5914433961782293,0.08597300861644165,-0.00272538727910554,-0.0867400365377965,-0.08663163305962882,0.6267722915614012,0.6490228512808445,36.0,0.0729489378597421,0.12209433576188698,-0.0753666630981692,0.47462429356883784,0.9679204950963813,0.5090382619166323,0.36149661085689305,-0.002955548373085093,-0.20746242362955455,-0.11961614432314853,0.5400002584210783,0.5240922828561344,,,,,,,,,,,,,,56.0,0.031130625519540045,0.10720519153588663,-0.13629999999999964,0.15046496618720526,0.2283978394683795,0.4963975364594203,0.33987600359347575,0.0070625866330844556,0.6292869957565139,0.29224503057842144,0.5410264993487408,0.4801971436922084,,,-0.038000000000000034,-0.05301455301455271,0.04368825466520332,0.17564156499789663,0.03220611916264082,
017273,银华尊和养老2035混合(FOF)Y,FOF-稳健型,006305,False,2035.0,,银华,2018-12,93,12.0,0.0734657966126544,0.09623521162153093,-0.06703625820429504,0.6075301921981092,1.0959113557437103,0.2980304040740989,9.032562976991871,-0.16480170430415342,-2.919818469630682,-2.6921052966503303,0.304420416231725,0.1608732493146405,36.0,0.04486044665628475,0.11798047448435876,-0.11850409037787302,0.2530965126796764,0.3785561031120412,0.4539720537260063,0.5595061216941837,-0.02808471856458228,-0.9148410378882347,-0.5213498837753712,0.4183749643207428,0.4486974225302437,60.0,-0.015519786592107954,0.10954107878204847,-0.28622799823355005,-0.2786149902068476,-0.05422176267831234,0.4831017398862688,0.0151166139036805,-0.02768716816825989,-1.3664600138479104,-0.6033053593928384,0.4441826000753532,0.553946300775137,93.0,0.050422380964491254,0.11913250311224328,-0.2925654974051145,0.29733599176638875,0.17234561632081838,0.5241818066285906,-0.1725542894643774,-0.005405063334898541,-0.27969311517447554,-0.10021959602316047,0.5169923605022833,0.5653382378917349,0.34849019954088,0.018398480979505916,-0.13758518709013756,-0.08662591322498858,0.009467841984982073,0.12758732212160417,0.049835078158611434,0.13033932135728543
017274,博时颐泽平衡养老(FOF)Y,FOF-均衡型,007649,False,,,博时,2019-08,85,12.0,0.07468056983404336,0.1340649749814304,-0.07716647294330359,0.4451615333707393,0.967785192008365,0.5991299764441146,3.0722898143583577,-0.06974733732244842,-2.325213787422128,-2.2499122109910474,0.6002582776281941,0.5974277064470745,36.0,0.0778929090924032,0.10506809167446327,-0.07716647294330348,0.598591904450562,1.0094138830167017,0.4251826206460206,0.7824137639398927,-0.0011696701668624243,-0.05206827491479908,-0.030045513126847494,0.47708344643933476,0.4102757404306212,60.0,0.024591723127700638,0.09243909773562865,-0.1589236430542773,0.10376262168993149,0.15473923612046703,0.4025478103108733,-0.047911525843921124,0.01516796122695152,0.8321339068064221,0.3747216861430282,0.4478321474930711,0.3974659469706688,85.0,0.05523590869474404,0.09521839889933936,-0.15892364305427786,0.42256443250300446,0.3475625629591129,0.4257961114941337,-0.16574927243666923,0.01364590913508934,0.8953144824504978,0.33849943298860524,0.4516578698624965,0.42292771005007934,0.23489670028395215,0.031636536631779455,-0.09545768964722157,-0.035347098309116975,0.045714789042544,0.19769204851752042,0.029256628454884526,
017275,华安养老目标2030三年持有混合发起式(FOF)Y,FOF-均衡型,006575,False,2030.0,三年,华安,2019-04,89,12.0,0.05241053460495215,0.06286099618826439,-0.03296524845729132,0.5951311126681823,1.5898722763413569,0.27771469344226424,2.0555277439697415,-0.032264883991799276,-1.9480195429367393,-1.9190415052338912,0.284122355903153,0.2214794562176321,36.0,0.04096949609046452,0.06772790226803675,-0.08280971583982,0.38343866000291676,0.49474262379685485,0.2838784072948353,1.0251305909704944,-0.026836113946677065,-2.0288409925336897,-1.1568736357961789,0.27473693182695746,0.253849011119435,60.0,-0.007621081240943961,0.07255151034127451,-0.22374791650130965,-0.3117933883738164,-0.03406101545039126,0.3254080158105847,0.4211949753923035,-0.028839061921069775,-2.085170205110106,-0.920125427727345,0.3092670323635927,0.3782536823610447,89.0,0.025209438626667247,0.07997986261508919,-0.23474178403755908,0.12765011457697992,0.1073922085496023,0.3516267780415011,-0.2801774091065317,-0.002279177317418779,-0.17480111188902953,-0.06411884820040806,0.35910396073912293,0.4148138739269886,0.18312641083521441,-0.00802925510771968,-0.1175669177752845,-0.07101988920170754,0.05308436797340943,0.09097660601559654,0.023485364193328584,
017276,华安民享稳健养老目标一年持有混合发起(FOF)Y,FOF-稳健型,012505,False,,一年,华安,2021-10,59,12.0,0.044352511064075006,0.05039427744790563,-0.023753612716763017,0.5824572263074463,1.8671901235796131,0.2184860400077897,1.948935759148805,-0.030280967241720913,-1.8852020430295635,-1.858892486037444,0.22141377262768244,0.15886981703896283,36.0,0.03495025130151741,0.036812482694688724,-0.023753612716763017,0.54194256516135,1.4713657125870745,0.14521953835704146,0.5148528796440665,-0.00026444746485854154,-0.026305064502601273,-0.015185395213420723,0.17077186061989352,0.11934135358831616,,,,,,,,,,,,,,59.0,0.016826239144175137,0.03257399808729003,-0.04363817097415501,0.05606432281604736,0.38558534348610957,0.14565488782913164,0.38363965390970234,6.689211662314065e-05,0.009922264279763402,0.004474955512185528,0.1660497412474404,0.12222022197649922,,,-0.023128302262985012,-0.010205122971731706,0.034127229611300214,0.052642073778664145,0.028130327713581593,
017277,中欧预见养老2035(FOF)Y,FOF-稳健型,006321,False,2035.0,,中欧,2018-10,95,12.0,-0.015178256265443224,0.054086569525303205,-0.03801051354630025,-0.5579621064953102,-0.39931731643022217,0.10757613645117702,2.008654328537106,-0.07335161991213068,-1.4348356521186012,-1.385933754380688,0.1033767086208311,0.21770943914606727,36.0,0.041209449452322966,0.15455572386703384,-0.13412002697235326,0.16957928698177024,0.30725798661535947,0.541488401505349,-0.42323204517618535,-0.010480121378015905,-0.2171196251115604,-0.12475080425215268,0.4620211299851518,0.5163533893231641,60.0,0.001970979628705072,0.13417279979218455,-0.23601856258924314,-0.09710627184850515,0.008350951751770823,0.5589042615290398,-0.14835060828711527,-0.006011213879962729,-0.19754839548299286,-0.08810265677313571,0.5088717270652995,0.5444182303188965,95.0,0.0672443068823303,0.12590688335268907,-0.23601856258924314,0.41494400854943,0.28491109404542675,0.5606003680833701,0.012484880502572427,0.0029371998244578368,0.1416430425409218,0.05040899272413042,0.5488056540628331,0.5249095066215393,0.3041673584592388,0.06989178866963752,-0.09120656830080931,-0.09780687397708643,0.08119875190479608,0.15557046979865774,-0.027761644790335827,0.19492113877591488
017278,中银安康稳健养老目标一年持有混合(FOF)Y,FOF-稳健型,006303,False,,一年,中银,2019-05,88,12.0,0.02808467571898543,0.043273257376703754,-0.02201745086846607,0.30237325572882784,1.27556436422933,0.18461176255345357,1.4887737727412493,-0.030877026685541265,-1.897166460704133,-1.8701657780540393,0.19257345905826484,0.1803931391855198,36.0,0.02044168003457658,0.039921916132517415,-0.035739191073918763,0.13630808743030737,0.5719681789186947,0.1575871848215083,0.5706386373801705,-0.017519071107551798,-1.6184466066995828,-0.9268837216746806,0.16411989928546286,0.17079168516182258,60.0,0.003029806703331195,0.04029437704938312,-0.09044565038644958,-0.29706857812936605,0.03349864465992181,0.17603592467793167,0.3710663214221208,-0.013307808284463762,-1.4886282224460035,-0.6616643666765077,0.19081184581721228,0.20423630832936432,88.0,0.027372124792059083,0.042121833620526045,-0.09044565038644958,0.2937223698170187,0.3026361652009297,0.18938898750096078,0.3318241582164653,-0.004830834750308433,-0.6008129803279584,-0.2213732288328924,0.19703781293169062,0.17542120278794812,0.13698370594922293,0.013331111481419633,-0.04785397138628511,-0.02944732297063901,0.017439273956757706,0.055094009619589324,0.010360547036883716,
017279,广发稳健养老目标一年持有混合(FOF)Y,FOF-稳健型,006298,False,,一年,广发,2018-12,93,12.0,0.024149453219926453,0.060761032797486875,-0.030989186443138306,0.1505809364765255,0.7792864541390269,0.24956443200659825,0.7483783828305556,-0.025118354993575287,-0.8612455093513467,-0.8512848103613398,0.2704651207707081,0.31351665429146924,36.0,0.05143742526970985,0.07579131861680667,-0.05792104809515597,0.48075988034901235,0.8880610237785328,0.30667629119188117,0.11998201910291585,0.007317105843805294,0.560659730803384,0.32478119173677245,0.3326438452563746,0.3002555081269768,60.0,0.025183415676245824,0.06443423291107636,-0.08726513569937355,0.15804356187959331,0.2885850743761189,0.2988725250274677,0.09513204630717731,0.013216978345238939,1.4775213527132383,0.664760933057408,0.3277232963133508,0.26554673672891854,93.0,0.03934352985627676,0.06059382450789963,-0.08726513569937377,0.4017493540633516,0.4508504976353242,0.2743999831477454,0.031402442222466576,0.004581602757558256,0.49624188196814434,0.17862935586346237,0.2788004012644417,0.25399030626473384,0.12074273619395792,0.027985234784101642,-0.03248434237995801,-0.02744691869497684,0.06079162229321988,0.12716472852003635,0.0009648927484597891,0.03805053430540317
017280,广发安泰稳健养老一年持有混合(FOF)Y,FOF-稳健型,012106,False,,一年,广发,2021-07,62,12.0,0.030939716312057053,0.04771185845787204,-0.026846205962059666,0.3340829057440989,1.152480032216937,0.19134272223093224,1.3826761429070094,-0.02641242151743406,-1.069023969991801,-1.0560201490970236,0.2131615334895148,0.2000650186606423,36.0,0.04287071236822171,0.04638820326361235,-0.026846205962059666,0.6008146556105988,1.5969002260061864,0.19242478002049693,0.5323209163786298,0.0007570168900077334,0.08262834567218007,0.04772204754413807,0.2138337725661648,0.15304884224382784,60.0,0.03017007014161366,0.037737159521802295,-0.03329461866047234,0.4019928986136143,0.9061545485556748,0.1742803378041713,0.4360342616588376,0.011484017939038527,1.665017468008158,0.7485296733984653,0.2005370700882578,0.10379816999532468,62.0,0.029640507771992786,0.03712389787543932,-0.03329461866047223,0.3943688192741946,0.8902492043611345,0.17216138577675957,0.3453094173063112,0.013390194417357115,1.969881734307041,0.8719383189634579,0.2004300735953723,0.10227135271502177,,,0.0003951397806973844,0.000592475560382999,0.05526497582157308,0.0872533433087066,0.00025804231894022145,
017281,华商嘉悦稳健养老目标一年持有混合发起(FOF)Y,FOF-稳健型,013192,False,,一年,华商,2021-09,60,12.0,0.017849053184741503,0.039052502188072394,-0.02336654615995093,0.07295443377791233,0.763872121389248,0.049847123770316984,1.904416218215115,-0.03292432443826809,-0.834052774325349,-0.8213905766108217,0.12192262980077578,0.11296332640080389,36.0,0.04911252522757836,0.09993105184365918,-0.09147908315345865,0.341360614125697,0.5368716381338318,0.34720290683741944,-0.4075004049680139,0.01738079120253433,0.5503678715164569,0.320278462247438,0.3711367051139798,0.36324914340546277,60.0,0.02354486518878196,0.08061030595309608,-0.13833105868590378,0.10600214312241758,0.17020664348592332,0.31663720079578084,-0.3421043057230727,0.024906108079234768,1.2103425732328803,0.5474331007519273,0.34307051279873346,0.28537509935208616,60.0,0.02354486518878196,0.08061030595309608,-0.13833105868590378,0.10600214312241758,0.17020664348592332,0.31663720079578084,-0.3421043057230727,0.024906108079234768,1.2103425732328803,0.5474331007519273,0.34307051279873346,0.28537509935208616,,,-0.009964483030781457,-0.06586945690084711,0.029976530829955328,0.15691351631279105,0.005729632945389085,
017282,大成养老2040(FOF)Y,FOF-均衡型,007297,False,2040.0,,大成,2019-06,87,12.0,0.046277021617293856,0.148493815956984,-0.0971712373137551,0.210628445472465,0.476241971354862,0.6655593319915094,0.11325418929627298,-0.034995692488829055,-1.224884046192841,-1.2051109199662546,0.5965300044815289,0.6942903294007708,36.0,0.06223605380288255,0.11380973069972034,-0.09717123731375499,0.4150440697159002,0.6404781448025545,0.4617809900317919,0.6367414250697189,-0.015444222795935714,-0.689310528590333,-0.39514860548463193,0.4993891428220877,0.5068782422113218,60.0,-0.01686523447244581,0.11022295824184059,-0.30934308584046377,-0.28909797904834117,-0.05451951326671529,0.5046162542728715,0.4339699289416751,-0.04128996731557366,-2.299428027829116,-1.0087265121234164,0.4924655342865032,0.614468831606541,87.0,0.03759732859119036,0.1196987739707778,-0.3093430858404641,0.18878496279926035,0.12153925628898728,0.5565362255724262,0.06433442690904759,-0.025387170170857454,-1.489016115604373,-0.5465421587269225,0.5337599162459148,0.6413130829935217,0.23488576449912113,0.016010816195830335,-0.2017789606387449,-0.07695007458103009,0.03716730038022775,0.186600678214645,0.009345794392523699,
017283,民生加银康宁稳健养老目标一年持有混合(FOF)Y,FOF-稳健型,006991,False,,一年,民生加银,2019-04,89,12.0,0.039070420338454204,0.03491177525895156,-0.02104948869149803,0.689464232623989,1.8561220612562859,0.11109799207837467,2.780560691982925,-0.041047070671830665,-1.7744993032856125,-1.7408625882192743,0.15531486605010478,0.07993853009871464,36.0,0.0452320896422127,0.04281758529949595,-0.041995200548508915,0.7060671317812169,1.0770775958068075,0.16418619586448832,0.46377281715026797,0.008839650131210242,0.7045647447668686,0.40842610055860795,0.19779690178710602,0.11786231772102966,60.0,0.012493362682399534,0.042912911547597694,-0.10733109726880696,-0.058412194074041794,0.11640021392039201,0.18634624797706353,0.3950730466960033,-0.004953616009764739,-0.5085088955646879,-0.2268953105041112,0.1983040038071527,0.17305239223155566,89.0,0.03945254858469038,0.04911886825708235,-0.1076873952263111,0.4978239412339192,0.3663618058713245,0.21608649798748875,0.10204108966772468,0.013446494423989819,1.46926853639547,0.5428235932131364,0.246076301672163,0.18121927607276944,0.1441483414088709,8.143985666597686e-05,-0.05838762214983728,-0.008561791922511053,0.03742149337055123,0.09938619355923572,0.019043977055449135,
017287,国投瑞银稳健养老目标一年持有混合(FOF)Y,FOF-稳健型,006876,False,,一年,国投瑞银,2019-03,90,12.0,0.022246592511358187,0.07676160424937797,-0.04744144412949425,0.0944038700365868,0.4689273886906728,0.3457473063456851,0.08098530862120108,-0.022957728125840404,-1.8433792541448295,-1.8239013410812421,0.3182577834703562,0.39096909552090076,36.0,0.04259472461041702,0.06786083979628182,-0.06113764654798093,0.40663694544978163,0.6967020651831701,0.2833992041120469,0.7294249168280916,-0.016557582131199844,-1.3536173264605478,-0.7755626440347679,0.29280050194582063,0.2758754783571937,60.0,0.00965265545841909,0.06409402879501297,-0.1461180001579655,-0.08342968357759055,0.06606068689678056,0.2980942178871681,0.34066346734655667,-0.009163653425801388,-0.9338115085385271,-0.4158563081202649,0.32279789577467877,0.3238831930343411,90.0,0.03613116065220057,0.06799554429738805,-0.14611800015796517,0.31077272592716476,0.24727385136081736,0.31023279483476457,0.07820600394850896,-0.0011034983182441893,-0.1035897123221329,-0.03780647989881144,0.3224254080327899,0.32384648103375374,0.12213161388204052,0.06303870204495499,-0.06907790143084247,-0.03774229357014791,0.03496317330730281,0.1094058132555944,0.008578715511244894,
017295,长城恒康稳健养老一年持有混合发起式(FOF)Y,FOF-稳健型,007705,False,,一年,长城,2020-06,75,12.0,0.030230193214384693,0.03450975767548299,-0.015620815852896652,0.44133005388226143,1.9352505976042822,0.12673288772581118,0.8090303254591795,-0.005697113905286044,-0.25229544927460523,-0.2516359815513046,0.17265923566661984,0.14222784794401253,36.0,0.040629761088671446,0.06449324632121393,-0.06643745575892412,0.39740224830706006,0.6115490219267451,0.251271101793228,0.22908950396560604,0.0005334889039847468,0.03406312370759582,0.01967116191207827,0.2543299885386273,0.22350820345350772,60.0,0.018981671937571054,0.05610602822617687,-0.09737974188502152,0.07096691859063663,0.19492423752758706,0.24641351347293564,0.07812051396808029,0.00904898862111958,0.8187846525173641,0.3676878379295961,0.25321953713091233,0.20700477775287676,75.0,0.017465350057582096,0.05163803038033112,-0.11443645083932874,0.04774291427120633,0.1526205149625256,0.22660723323072196,0.09366363689364535,-0.004498425177141385,-0.43191007401556203,-0.17240753853044433,0.20724326417246733,0.20917460037796967,,-0.010379280240566557,-0.03205253871789815,-0.020962025316455857,0.04985519238725655,0.08147783251231511,0.015213628495946097,
017296,嘉实养老2040混合(FOF)Y,FOF-均衡型,006307,False,2040.0,,嘉实,2019-03,90,12.0,0.07716545162486121,0.1843968640206051,-0.11111111111111116,0.33712857295617915,0.6944890646237506,0.8208782246133067,-1.79318924755627,0.024041227489393302,0.6672476131800711,0.6745684082505924,0.794027216637026,0.856767096178256,36.0,0.09366837963092123,0.17698579778049883,-0.15193577430972371,0.44448978741496115,0.6164998339362566,0.7306363108281659,0.008254083113750327,0.00423739747913543,0.2272404555409392,0.13145194730809565,0.764215316307545,0.7648106384325508,60.0,0.014314266563657974,0.1538555626207534,-0.31442955055498234,-0.004456994759639117,0.04552455880305349,0.7356077438746587,0.11206334019353587,-0.004672164247516153,-0.3939572933747185,-0.17580545871291936,0.7510579570881487,0.7594860148423287,90.0,0.07693525282502756,0.15642548330748343,-0.31442955055498234,0.3959409395161163,0.24468200488546119,0.7501442235248305,-0.1838273688583885,0.0028744440318890785,0.18788837663566632,0.06869747465199695,0.7535297313520164,0.7678655749238241,0.3721243709561466,0.07263082061693593,-0.1336549029185492,-0.12347593206004659,0.04004181072605917,0.2767684576729801,0.05570693309112906,
017297,易方达汇诚养老2033三年持有混合发起(FOF)Y,FOF-稳健型,006859,False,2033.0,三年,易方达,2019-04,89,12.0,0.054473277953392296,0.08915513883581347,-0.04807497808644079,0.4427482079982578,1.1330900214961535,0.3955939786794523,0.19630187406541638,-0.0004984981361160212,-0.02218875818376091,-0.022183688077296225,0.4328219294016852,0.4361077067180454,36.0,0.06148569941608484,0.11155122301342371,-0.08788459934962056,0.41672066123820894,0.6996185892761916,0.46155009471318825,0.05349697101372448,0.0007337193667942277,0.0628149894506783,0.036278445359950874,0.4804076822701669,0.4815459054989345,60.0,0.019166731518024616,0.09845471323394728,-0.17379154078549874,0.04232130063823012,0.11028575632274903,0.4576133280777376,-0.19157570232252408,0.012424808579269753,1.1281958302899857,0.5074113393328039,0.4830786398981284,0.45843729121271304,89.0,0.04985649213433563,0.09058925844935337,-0.1737915407854992,0.384775112756036,0.2868752524374624,0.4259167413775459,-0.1823611361134458,0.011494784482158016,1.0793500038692416,0.39841462278881284,0.4405247713049208,0.41779815762811656,0.21089933914375947,0.04721980542592785,-0.08731117824773449,-0.046425024826216355,0.04313112904625571,0.16123128119800323,0.027654391746668727,
017302,国泰民安养老目标日期2040三年持有期混合FOFY,FOF-均衡型,007231,False,2040.0,三年,国泰,2019-07,86,12.0,-0.06624295636220712,0.238134361779696,-0.23617281208351848,-0.34116435677337065,-0.2804851065531685,0.441887748573475,11.518343155576126,-0.3165535365580068,-1.6091613311107196,-1.3596876364982302,0.5621098627003442,1.0459975533077992,36.0,0.08549392016185653,0.24605730029394454,-0.23617281208351848,0.28649391860206225,0.3619972993827209,0.7737665127361231,-1.0633724920525922,0.0362256073377305,0.3836213549897876,0.22513765209056483,0.9068068227288828,0.9706021375428419,60.0,0.013634224959929275,0.19906531624583645,-0.25727252436574677,-0.006860939242595406,0.05299526248884016,0.744010542787154,-0.699208061124776,0.025067982472854133,0.4454168772514717,0.20147491850038216,0.8367903418024354,0.8319872446025327,86.0,0.05067111214688569,0.1761064737034156,-0.25727252436574677,0.20255423549596546,0.19695500820309142,0.7060573286465106,-0.10881416932029943,-0.013560997472235825,-0.3444595637330306,-0.1278689755886375,0.7103281291643393,0.7979583925913017,0.21393174380551638,0.03296618655164418,-0.13101185593915443,-0.07911446713574743,0.04845322400298224,0.3963739779594737,-0.09298625254582515,
017316,易方达汇诚养老2038三年持有混合发起式(FOF)Y,FOF-均衡型,006860,False,2038.0,三年,易方达,2019-04,89,12.0,0.06091727630838517,0.10322334695049067,-0.05741047534089461,0.4448342130429913,1.06108294604195,0.4645812841146872,0.10619295614146881,-0.00017406451189994065,-0.009958383218584643,-0.009957588718100508,0.4897905406006238,0.49395894198709306,36.0,0.0705337205504506,0.1312655657985513,-0.09810461238103008,0.4230638874148934,0.7189643671033891,0.5420930454211349,-0.09807004518737696,0.00495747468530694,0.418851680514801,0.24237310684415805,0.5565359661387407,0.55639088042002,60.0,0.02157882615960527,0.11368516313720219,-0.19314460374063025,0.05786881927297356,0.11172368133351016,0.5293944792023995,-0.3170089287694575,0.017356745728283496,1.5097921698301642,0.6805542271834353,0.5490974209139052,0.518376361254733,89.0,0.05696809723330887,0.10758018427565945,-0.19314460374063047,0.3901099214123986,0.29495049890086517,0.5059616622796699,-0.3037089647264824,0.014691218193915612,1.2268719699663841,0.4535255144203053,0.5191814895829644,0.4974329036306821,0.20338674435542625,0.03956725677107009,-0.09948329815879475,-0.04840795215775029,0.04305732484076441,0.18539325842696663,0.03592279689539146,
017317,中欧预见养老2050五年持有(FOF)Y,FOF-进取型,007241,False,2050.0,五年,中欧,2019-05,88,12.0,-0.04759670174968178,0.07456384300846942,-0.0798066875653084,-0.8395047683174224,-0.596399915868352,0.23315264698418373,1.2515890992189076,-0.101781482599418,-1.7779512847469083,-1.6934029443655965,0.14943678771685778,0.4218317983821909,36.0,0.03577927285633953,0.23385730381281053,-0.19851388345717613,0.08885449595780918,0.18023561996386975,0.8402299957919911,-1.144493397552737,-0.021993157219780346,-0.33962478888289266,-0.19409797703057644,0.6741265366260379,0.8229971885040263,60.0,-0.02713562962659888,0.2055802700895561,-0.386737686276857,-0.20495950126071683,-0.07016546509298056,0.876870202061312,-0.560807644643422,-0.024247499875963197,-0.5857101221960902,-0.2590136018590194,0.7611478078013324,0.9141308484650227,88.0,0.04904901216897373,0.18787137283954708,-0.38673768627685723,0.18123576601557884,0.12682759893707538,0.8529719793204291,-0.22860769570375464,-0.03118956486164992,-1.072993586127755,-0.39053255430871353,0.7663702394419887,0.9114839094592181,0.33919310890392906,0.09667891835127307,-0.16350469806691026,-0.1793661014523863,0.06102877070619006,0.24519309778142984,-0.06249175135277829,
017319,嘉实安康稳健养老一年持有混合(FOF)Y,FOF-稳健型,012508,False,,一年,嘉实,2021-10,59,12.0,-0.0009870693909782569,0.03482029872065571,-0.03614226823890332,-0.4591307363338209,-0.027310665297862555,0.09192060027490237,0.8672670530395307,-0.0327531646655943,-1.0635751891886294,-1.0475129399796415,0.07262882072671031,0.11431870104852467,36.0,0.016784961844808377,0.027374501503693714,-0.036142268238902986,0.06520527303730181,0.46441362600317654,0.06604972509500594,0.6391757336777207,-0.011090512548512454,-0.8121462835227006,-0.46650462244167606,0.09405073084868061,0.07585547441114329,,,,,,,,,,,,,,59.0,0.00244924132595159,0.032973241277750476,-0.07346252719003366,-0.38063466579845606,0.03334000911261691,0.09861701951444474,0.24515475802997863,-0.00817166851638551,-0.6762468589329687,-0.3038350146764783,0.1331638569077706,0.14322299767857494,,,-0.041765637371338316,-0.025304689113819,0.0397372046201121,0.049938850387281075,-0.017569403999223243,
017320,浦银颐和稳健养老一年混合(FOF)Y,FOF-稳健型,007401,False,,一年,浦银,2019-11,82,12.0,0.047222222222222276,0.0499791470350757,-0.025211412313285386,0.6447133281328011,1.8730494601184278,0.20573018296295362,3.2255723679245984,-0.055128555560581716,-3.022259248005829,-2.9451132295570366,0.22440054588333005,0.15219806127778612,36.0,0.04650623642266494,0.03593946654070182,-0.025211412313285386,0.8766473032365073,1.8446501863823808,0.11221784957623374,0.767105841278754,0.00786965909547277,0.5059230251579905,0.29314686823110253,0.15833104439419016,0.05011690976458652,60.0,0.022116751160350834,0.041605207206658244,-0.05911680911680928,0.17105433762175598,0.3741195015558131,0.12039428394013964,0.006581617387018394,0.018277612708436308,1.1942896290758114,0.5385622315964457,0.18229618518490603,0.1150425792246166,82.0,0.032479082810870086,0.03812518027650725,-0.05911680911680939,0.45846557797500315,0.5494052080296553,0.1184069209273924,0.20745379209739678,0.013621241244321736,1.1565195716987744,0.44517729196064904,0.16097711981038587,0.0882582999923721,0.06597118728266294,0.03336750862149329,-0.013529358708397998,0.007863216604187873,0.026580785630046178,0.07149169317780157,0.02606185567010333,
017321,浦银颐享稳健养老一年混合(FOF)Y,FOF-稳健型,012167,False,,一年,浦银,2021-12,57,12.0,0.026925038245793065,0.052927493412554164,-0.02522935779816493,0.22530895526906816,1.0672106068332612,0.20386444807302107,3.478044097382023,-0.07881245920021551,-3.059709655793155,-2.9475476572529864,0.23536373540139954,0.2496304857815085,36.0,0.02307302732337413,0.03833800678745058,-0.04583643518026159,0.21057504027613466,0.5033774383333807,0.1194239120566036,0.7260353482980773,-0.014448925307956384,-0.8792668324195919,-0.5042742678570129,0.15462568153293646,0.1443641363541144,,,,,,,,,,,,,,57.0,0.0014486912754636538,0.03645698305997556,-0.10297940411917639,-0.37170680586056787,0.01406777683222081,0.1248079513295491,0.5028827039635014,-0.01699839716920326,-1.3818561521244792,-0.6290840399212259,0.15319914249190364,0.16569078938292342,,,-0.0345449083808953,-0.06741339970960403,0.03881227758007122,0.049352317739000506,0.027239338910426403,
017322,中加安瑞稳健养老目标一年持有混合(FOF)Y,FOF-稳健型,007673,False,,一年,中加,2020-03,78,12.0,-0.013202409439722618,0.0438921059435384,-0.030564135912859558,-0.6425394460680793,-0.4319575556581606,0.1006020763566725,2.4026751147805454,-0.07974660101130115,-2.0658175307540954,-1.9891779457373318,0.09781604974573485,0.20272305034404328,36.0,0.02139870052751358,0.05639977731899527,-0.045620600552436996,0.11345258495122673,0.4690578437896186,0.20092520224566196,0.08716041614801127,-0.007438815547370692,-0.412906165146981,-0.2375776043006442,0.20819717359016446,0.23414313108028725,60.0,0.007963334597352878,0.048353798453296355,-0.08004809756935471,-0.1455245632759058,0.09948187201392689,0.2043413536628707,0.15830216349093187,-0.003021149975290238,-0.270103498758258,-0.1206266028236788,0.21624094670514762,0.21156454659557575,78.0,0.027905183911048903,0.04632251854094416,-0.08004809756935494,0.27859417660207964,0.34860521059693406,0.20100164368560444,0.15819125751188004,0.005607233306448078,0.5952124215960318,0.23406090556101575,0.22859919676872933,0.19420151785340142,,0.04684409278906654,-0.03117753156402947,-0.01241134751773032,0.02540394973070015,0.061805130000875286,-0.014015994723390324,
017326,博时颐泽稳健养老(FOF)Y,FOF-稳健型,007070,False,,,博时,2019-03,90,12.0,0.03924956800789925,0.05634543158812212,-0.03417015341701535,0.4303732764913486,1.1486506229250513,0.2487054798013548,2.3836991778327428,-0.04854619491351986,-3.6507450512260484,-3.5687848953149635,0.24945194107720778,0.2213327789299753,36.0,0.029977400443071067,0.04576623384214491,-0.050350376330132396,0.32725874920646797,0.5953758964286224,0.18044877801412781,0.5012559286648907,-0.009118978787876597,-0.7593370318467073,-0.43656808784167095,0.20269631490694767,0.19044227278863052,60.0,0.007646596441970965,0.04067953393936169,-0.09987699876998746,-0.18076420366541734,0.07656013432663067,0.17547407720401936,0.2617280279821084,-0.005579242106779514,-0.6086118980666151,-0.2714828075424945,0.18667141847259805,0.18011198008879606,90.0,0.03162164741511986,0.04300844852207213,-0.09987699876998779,0.38647400653361286,0.3166059033065569,0.18985838240315134,0.38146764894534063,-0.0013975751206194431,-0.16896704495764536,-0.06165851034737703,0.20747289359086596,0.16944389657902603,0.16142230881636643,0.022898842476094305,-0.045428454284542785,-0.026114594966068272,0.001234894592925695,0.09197427539423875,0.018959257765227777,
017327,嘉实民安添岁稳健养老一年持有混合(FOF)Y,FOF-稳健型,010277,False,,一年,嘉实,2021-01,68,12.0,-0.0032670318055155745,0.03527140107947378,-0.03961595824011954,-0.5178992397936266,-0.08246756990487267,0.0957050593882801,0.5465705498310222,-0.02804999199236713,-0.9059835129454671,-0.89427613345041,0.07316373679245966,0.1245119568484652,36.0,0.016741170528544735,0.03306543235668171,-0.03961595824011943,0.05265833241684161,0.4225865351299468,0.11768748871911276,0.4082808655668435,-0.011157626730221915,-0.9552933735620569,-0.5487126508454881,0.12603592782802125,0.12674908431205326,60.0,0.002897866483833722,0.035821892772404156,-0.08224442736356641,-0.3378418218450285,0.03523480649969791,0.14075864463444904,0.10908494748585063,-0.004802585048678587,-0.49251269314914764,-0.2197731215239053,0.16450510634680046,0.1751245668673913,68.0,0.006483489195981518,0.03455356583348585,-0.08224442736356641,-0.24647270400570737,0.07883195742029872,0.1426056000502259,0.22885355091102258,-0.006226789992165416,-0.6938389742660306,-0.29063788962970855,0.16803502966091327,0.168964007495702,,0.04039999999999999,-0.04430988081507137,-0.02826108820275608,0.03249844752639208,0.0611467522052922,-0.020120914415265534,
017330,银河颐年稳健养老一年持有混合(FOF)Y,FOF-稳健型,012386,False,,一年,银河,2021-07,62,12.0,-0.009703250117757745,0.10074299717004423,-0.07791514720270398,-0.24521059340790802,-0.12453611994743174,0.4428027484437826,0.6357447330212129,-0.07618897421983317,-2.626843373245984,-2.5338017626901874,0.3195165422308971,0.5154535362686088,36.0,0.023827924601484307,0.07727362938386197,-0.07791514720270398,0.1142423964277774,0.3058188998795523,0.30496840554159604,0.8553520174396178,-0.04017187542801026,-2.0150297385615112,-1.1417991506021599,0.2719487856515428,0.31995017311557006,60.0,0.00945170097832615,0.061868534785905406,-0.0814639905548995,-0.08967884952946771,0.11602305403829366,0.2731242530114547,0.5892036724476054,-0.015677140491836328,-1.180846704294906,-0.5242853548636275,0.24987684759551446,0.24104288319547806,62.0,0.009711179871240816,0.06085344793998089,-0.08146399055489917,-0.08691077182636374,0.11920825146291332,0.26967474813647413,0.45189048833727236,-0.011730747724476243,-0.900064484787665,-0.39384204468807843,0.2483936602114509,0.23662810878349488,,,-0.03423848878394298,-0.02394050529747349,0.013464147792506154,0.10834191555097838,-0.023229882921389944,
017331,易方达汇康稳健养老目标一年持有混合(FOF)Y,FOF-稳健型,016245,False,,一年,易方达,2022-09,48,12.0,0.1025839793281651,0.11095653892846274,-0.05877965090258097,0.7893539233828599,1.74522947572764,0.4876704429014237,0.5045116666118387,0.027134913255808524,0.8156251927308859,0.825719953682019,0.5255870619296655,0.38640585469937855,36.0,0.08604879162220835,0.09332305725781387,-0.05877965090258097,0.7613208751394553,1.4639214473189397,0.38360822192544486,0.97901523158134,0.005090643369890291,0.26306911611430606,0.15223707533599412,0.4300792026442445,0.30627244917900676,,,,,,,,,,,,,,48.0,0.06367995337374222,0.082183246795184,-0.05877965090258086,0.592334268504404,1.0833673285893264,0.3625424685385372,0.642631938197726,0.020044780369101733,1.2185875191466842,0.6148713990546343,0.40616669015533446,0.25293365276644003,,,,-0.0033536585365857574,0.05812174977057216,0.1505251999614532,0.07220035178825657,
017333,平安养老目标日期2030一年持有混合(FOF)Y,FOF-稳健型,015509,False,2030.0,一年,平安,2022-06,51,12.0,0.026751993285774267,0.038636942636401626,-0.026806409352010396,0.30416467980833917,0.9979700352433792,0.15587756041987877,1.064959387764736,-0.01874671329746369,-0.950721382434789,-0.9425246403903473,0.15829603088219585,0.13335547448234744,36.0,0.019871320640169277,0.035849913603562905,-0.04996748319965327,0.1358809589902372,0.39768504170542585,0.12734470636528966,0.852908060452701,-0.02241456248317819,-1.7092338110929333,-0.9766470989099212,0.12838807713092282,0.11645085919565712,,,,,,,,,,,,,,51.0,-0.0050531001645334195,0.03706397014275434,-0.12777390785152754,-0.5410402632879742,-0.03954719902912486,0.1366729722248742,0.6044089585690807,-0.03224860178601863,-2.6754896139731112,-1.2785072405518452,0.12100324926156109,0.183341079006983,,,,-0.052223966509680864,0.020538869257950454,0.043497078554425306,0.014827872252177077,
017334,平安养老目标日期2035三年持有混合(FOF)Y,FOF-均衡型,007238,False,2035.0,三年,平安,2019-06,87,12.0,-0.0010795250089958852,0.1261153671612864,-0.08342465753424655,-0.12749853860736973,-0.012940119155451502,0.5597507951280565,1.3529144664950217,-0.09578428087245705,-3.0163315783452176,-2.8815042704390867,0.46975511946797427,0.7015533819705796,36.0,0.0270749687261278,0.11068699287360066,-0.11505737257044735,0.10909112636131373,0.23531711285646068,0.42237900255349964,0.14897248092544113,-0.029301544652881817,-1.0536260839154303,-0.6000978919717903,0.45047905355867407,0.5794033028643975,60.0,-0.02025091099110199,0.10720479990268612,-0.289839639188173,-0.3288184020034605,-0.06986936309962234,0.46605323401470694,0.007866783274721682,-0.03167842911234353,-1.5017208375325979,-0.6617822977919819,0.4916607593473171,0.6294721008647204,87.0,0.04626073337194603,0.1139036543629396,-0.2898396391881729,0.2744489063743087,0.15960802843089422,0.5192186041456056,0.09168502212728079,-0.014199935155810306,-0.7805544000320799,-0.2879990584332256,0.5504743545550914,0.6293510034856147,0.30156264278534195,0.10061082637084895,-0.14691247767287574,-0.0785911912061612,-0.04512254504138924,0.193098759136495,-0.011255164553354957,
017335,银华尊和养老2030三年持有混合发起式(FOF)Y,FOF-稳健型,007779,False,2030.0,三年,银华,2019-08,85,12.0,0.07294309532439303,0.08180128262656317,-0.05656919767349233,0.7083396917981489,1.2894489991781042,0.25852929929019264,7.4647218967963935,-0.12952546320721836,-2.6696241697025327,-2.5071715614413304,0.28038193740691275,0.13042437972219148,36.0,0.020214570547916644,0.09927425286596499,-0.13505515200430418,0.0525269180817416,0.14967641180598878,0.36146209865138307,0.4910696816886342,-0.0387373004045477,-1.2543683701812756,-0.7112601436442321,0.344823485557586,0.444405458706901,60.0,-0.0352473801810933,0.09443032080620306,-0.3227776997612688,-0.532110658442162,-0.10920017153342003,0.39393736058675743,-0.03726976682911944,-0.043931389325572834,-2.07471121904888,-0.9090052829859124,0.3620688455658672,0.549711998714246,85.0,0.024143263353495703,0.11349799676518521,-0.32472169712245325,0.08055880820885415,0.07435063184087519,0.4781963078628014,-0.18565476278173107,-0.019980212218577154,-0.9030526918087488,-0.33618954900652853,0.45948171708970476,0.5765701732467408,0.34202646575871753,0.009788397869584076,-0.174768353528154,-0.08179305579547369,-0.05474555545103921,0.12777390785152676,0.04482484778964091,
017336,平安稳健养老一年持有混合(FOF)Y,FOF-稳健型,011557,False,,一年,平安,2021-05,64,12.0,-0.02051236116087396,0.04666668683279371,-0.04683219934611649,-0.7609788388902432,-0.4379969646370009,0.19530963971442286,1.4202319709674285,-0.07658657666538393,-3.9021171124260423,-3.763173962694765,0.13555891392412478,0.2913370544638975,36.0,0.015463933640284866,0.0342020041862469,-0.046832199346116266,0.013564516212515424,0.3301987490700086,0.08853324124102763,0.6647604892318247,-0.015973402705267148,-0.9636444268497598,-0.55227533324738,0.12166279756349846,0.12509826765049983,60.0,0.009346540823381932,0.03446977612857908,-0.04851726726726757,-0.16401206539693053,0.19264359577167747,0.10513784721438198,0.3543728644607666,-0.004218968223765995,-0.33702339556639876,-0.15042977289739418,0.14843671840568678,0.1298665767417527,64.0,0.016900644610876148,0.03469977336781501,-0.04851726726726735,0.054773977649060036,0.3483428800261043,0.11010407484326525,0.4867732646109034,-0.0029541508350430234,-0.24494918380310565,-0.10592241918665624,0.16819824953434576,0.12719083480608082,,,-0.04401508011310118,0.03371783496007108,0.0035288507391511015,0.0639612241018821,-0.023224653863331945,
017338,嘉实悦康养老一年持有混合(FOF)Y,FOF-稳健型,013539,False,,一年,嘉实,2022-05,52,12.0,-0.0034196384953588677,0.03188657396250011,-0.035690492052916856,-0.5776612600971526,-0.09581371112196232,0.09083751265746394,0.7947799112161472,-0.03339468356907471,-1.236349499142719,-1.2173100143879145,0.06587506815376133,0.1142787162874478,36.0,0.016476086683145486,0.03209892252217863,-0.035690492052916745,0.045985552384993286,0.46163798074616363,0.11868373994868146,0.4913304074148323,-0.014033833942277307,-1.31744895562629,-0.7557245230918704,0.12231366426379936,0.12205376069481605,,,,,,,,,,,,,,52.0,0.00458029469758392,0.030254691488519576,-0.06746268656716381,-0.34439965472362966,0.06789374883586821,0.1155279553819671,0.2735711581653763,-0.013079249863572673,-1.4225881909306328,-0.6792828400060779,0.11369948063877418,0.1364964920758606,,,,-0.03661257606490875,0.0317928202968738,0.058361391694724984,-0.01667791381471151,
017339,易方达汇欣平衡养老三年持有混合(FOF)Y,FOF-均衡型,014722,False,,三年,易方达,2022-09,48,12.0,0.013216630196936308,0.08076830503411532,-0.04478481644884724,-0.022080069679689614,0.2951140865349355,0.3359742021220955,1.8280829136589294,-0.06966553004503873,-1.9498542982910265,-1.8867837150482867,0.31965728124490284,0.42873620013409963,36.0,0.05266597962771158,0.126184927201075,-0.0909915356711003,0.2984982474784096,0.5788008658088705,0.5023602169181602,-0.2327809046968396,-0.003157383528459068,-0.1479616422561457,-0.08530200096351816,0.4874377711964536,0.5231761836336394,,,,,,,,,,,,,,48.0,0.037264774541689194,0.11283540094131322,-0.13167773606699384,0.1973208262296096,0.282999811925153,0.47466810681645266,-0.9393572597551139,0.03283557750231636,1.7238556007490007,0.8748238355283056,0.4914086521576543,0.4680337665348243,,,,-0.0458624127617151,0.04399164054336491,0.17035331798618736,-0.01000598648764206,
017340,易方达汇智平衡养老目标三年持有混合(FOF)Y,FOF-均衡型,013519,False,,三年,易方达,2021-11,58,12.0,0.05844454670961774,0.11422719530297874,-0.06233333333333335,0.3803345306201773,0.9376130488173966,0.5145750396070577,0.45108489931884144,-0.016126789835190114,-0.8253151350550283,-0.8191969559801697,0.5296575129255486,0.5608095005187377,36.0,0.07601013781216959,0.13676420479845172,-0.09143104755714448,0.4460972657434723,0.8313383674693564,0.5651201183901109,-0.11329359728538578,0.00808147476822163,0.6833440209118355,0.3959880692087499,0.5811064997235093,0.5701606946453003,,,,,,,,,,,,,,58.0,0.029338398124122866,0.1175251791337259,-0.17017908380330493,0.12200277616941929,0.17239720339564493,0.5401046746999973,-0.3098397904349681,0.02495614418274128,2.1473079999979063,0.9878442475999998,0.5660436450819222,0.5074771260790019,,,-0.07925200356188788,-0.0460992907801423,0.04506026810859498,0.20265171930580972,0.03074303128081035,
017341,摩根锦程稳健养老一年持有混合(FOF)Y,FOF-稳健型,009143,False,,一年,摩根,2020-04,77,12.0,-0.017565539765204252,0.057998613046350955,-0.04634040710264198,-0.5614882504031387,-0.37905449829772425,0.2523102634999495,0.45051401096706933,-0.058779720904472255,-3.0952894209372213,-3.0109881090229886,0.155146841878947,0.3069849373598714,36.0,0.022903179916977656,0.07149916444887497,-0.0605827483411866,0.11053527657136156,0.37804788564547753,0.29986856970643916,0.4385754345735835,-0.02878341081866509,-2.977544992086481,-1.6962879430606375,0.25714959525821923,0.30232374398124284,60.0,0.0010454994363275905,0.059182617669873254,-0.12299129185743762,-0.23578714685301777,0.008500597241790548,0.2740160403596477,0.11764626009781126,-0.01069994835936594,-1.2679542931638241,-0.5642601203392602,0.23698165931207316,0.26208645459963653,77.0,0.016824494858500794,0.05441656097387046,-0.12299129185743773,0.03352830141869629,0.13679419578747481,0.25193900772622224,-0.029640454083462744,-0.00825915349587203,-1.003077763052317,-0.39448480053664564,0.2211626746176482,0.2498153235485146,,0.03399591305963168,-0.06207330219187923,-0.03246815439134154,0.04583250841417574,0.08774254614292398,-0.03150017403411065,
017342,摩根锦程均衡养老三年持有混合(FOF)Y,FOF-均衡型,007221,False,,三年,摩根,2019-09,84,12.0,-0.00925020681356703,0.16420865709723195,-0.11981345586722436,-0.14767922253458227,-0.07720507472731597,0.7122136442809233,-2.071267679960296,-0.041299722794027605,-0.8500630313220154,-0.8338496220766968,0.4938405628614036,0.7504538933087644,36.0,0.04767894977762421,0.15744845246680775,-0.11981345586722436,0.2075533246953531,0.39794319788639915,0.656732771794982,0.5446335410336068,-0.04690070093457954,-2.4979241755662973,-1.4109070614877324,0.5684131559068856,0.6549538506620012,60.0,-0.0074515547844385965,0.13222176360605103,-0.26655520825761425,-0.16980226380380178,-0.02795501477216302,0.6221689260468104,0.07332469566274351,-0.02379346743678723,-1.6603969396683842,-0.7344190943213436,0.5379070561407254,0.6168870870181452,84.0,0.04016568596196102,0.12561796725881516,-0.2665552082576146,0.20033508351644683,0.15068430373021466,0.6050646860563831,0.02076954240275255,-0.020594140713306897,-1.7472524911367788,-0.6541424494618062,0.5437924148895228,0.6099864290406372,0.23472022955523597,0.05794407002866242,-0.14271069781064638,-0.06824393577041321,0.057567146392886404,0.17396203519112463,-0.0273183697578262,
017343,万家稳健养老三年持有混合(FOF)Y,FOF-稳健型,006294,False,,三年,万家,2018-12,93,12.0,0.03608654453569171,0.05574707785553301,-0.031971315455292304,0.37825380893213634,1.1287162890170728,0.2531739853901867,0.8994046948956598,-0.01796934488170998,-2.5167975887871346,-2.4960015071663535,0.25745940481499946,0.2464959064011158,36.0,0.03381883216987647,0.04890868058943585,-0.041431578947368486,0.38477488950992655,0.816257382148948,0.212709291270516,0.8385877197026431,-0.019619737441615603,-3.0667652615857417,-1.7546188993276346,0.21663988202404288,0.19573189482507097,60.0,0.015345422935648001,0.04218315395533541,-0.0762801265925509,0.008188646491766455,0.20117196471913762,0.2036186097865758,0.5483489502848647,-0.007222117069910272,-1.2882037914843871,-0.5741927762539878,0.20850798917948013,0.17314075492340203,93.0,0.035670342771733754,0.04150925646763966,-0.07628012659255001,0.49796947791267276,0.46762301486816804,0.1938680804872067,0.159844270010004,0.006533961134464583,1.106093386815566,0.39850894285656424,0.20409474426737606,0.15408810923739819,0.10764634487909652,0.038688469318948426,-0.046417268522275235,-0.00799931920687591,0.034142575276657317,0.0640398175031105,0.022920402276448204,0.06917548412856811
017344,万家养老2035三年持有混合(FOF)Y,FOF-均衡型,008553,False,2035.0,三年,万家,2020-06,75,12.0,0.03928635790232504,0.08515553283427689,-0.045622895622895565,0.2851999992717945,0.861110575423657,0.3603482339249338,1.46505155315399,-0.04005240485753292,-1.1438362130553799,-1.1226834389717688,0.39060006645759054,0.43212596861186686,36.0,0.049421123955442514,0.10501199150407214,-0.09549098196392802,0.32778279377843944,0.517547552020268,0.4310088080762136,0.21515849026322212,-0.011954509195679863,-0.7809923080692648,-0.4484301722599331,0.4309725069439453,0.45571364850568785,60.0,5.202823426997405e-05,0.09726017322199167,-0.21715375943109894,-0.15369057313533668,0.0002395916810571367,0.45562303763207207,0.16300052928222486,-0.01672146163191246,-1.388108428674256,-0.6160088085215076,0.4519644553119393,0.5022939627484743,75.0,0.023096953672220533,0.09291774660064457,-0.22661069225496921,0.0871410894952156,0.10192349461707297,0.45357996942197243,0.543010441436393,-0.02774507332449716,-2.370873347317174,-0.9362283958209087,0.4506438250386149,0.5205539821345454,,0.0161648459010566,-0.12053142207848955,-0.043132578016299106,0.02378479434981351,0.16353860200872483,0.005667451390705347,
017345,华商嘉悦平衡养老目标三年持有混合发起(FOF)Y,FOF-均衡型,012056,False,,三年,华商,2021-05,64,12.0,-0.048774387193596946,0.08381305273008448,-0.07450723807965987,-0.7609123533416567,-0.6546261605006686,0.257804473306423,-2.179988998170008,-0.028839224265859498,-0.4444533602562364,-0.4385475458535257,0.2300143733571897,0.5488560764288029,36.0,0.045162689026349234,0.1547612299579896,-0.1375963174221957,0.19489822505634638,0.3282260010474963,0.5676579252103424,-1.1307527483909354,0.01129074958752918,0.30115725084233813,0.17477117702488795,0.5727558271941028,0.6757589366398321,60.0,0.016376523369964646,0.12856817032497614,-0.196232046260026,0.010706564202362597,0.08345488762963928,0.5330060512142762,-1.0958293305900448,0.03672908700439259,1.4164186710896673,0.6440357014163189,0.5653017150124018,0.5517103607940207,64.0,0.02502373366383126,0.12519993092552187,-0.1962320462600261,0.08006181464903615,0.1275211370454367,0.5281927370389932,-0.9123122590614671,0.03533514953241945,1.3512931828176407,0.5945439942027982,0.5494104566672747,0.524464966222849,,,-0.028835280814172304,-0.08354356685425968,0.014399152991000808,0.2613505897087989,-0.05593711212246566,
017346,华商嘉逸养老2040三年持有混合发起式(FOF)Y,FOF-均衡型,013088,False,2040.0,三年,华商,2021-10,59,12.0,-0.04763171899946794,0.09201249178067765,-0.08351325675792398,-0.6806871304904756,-0.5703491978229972,0.32029799690407695,-2.510781875907322,-0.027477973112913112,-0.4498404379920613,-0.4441466151861326,0.28683340803077484,0.6291884034302977,36.0,0.04614265025548514,0.14806954634082153,-0.12262742589038167,0.2103244794429371,0.37628328182255644,0.5581169058461607,-0.9175943389654816,0.006239172575937202,0.19463466897573864,0.11269336004079565,0.5707461035847365,0.6723130375887859,,,,,,,,,,,,,,59.0,0.014568276303345007,0.1242090723023898,-0.18397302390161652,-0.003475782313259304,0.07918702424076968,0.5320639140621972,-0.7162239360852599,0.021465148484734575,0.9546274856206505,0.4347445226100122,0.5567254427204434,0.559868311399171,,,-0.03471189130219143,-0.08147539299291084,0.02595078299776299,0.24171391190580005,-0.05724822196856616,
017347,华安稳健养老目标一年持有混合发起式(FOF)Y,FOF-稳健型,007643,False,,一年,华安,2019-11,82,12.0,0.02933151432469283,0.04233520513311089,-0.022363695723147337,0.3385247403344687,1.3115682974676461,0.18862061074801464,1.306355196498804,-0.026034208815259974,-2.6692576034994198,-2.6372554002300665,0.19728699936208896,0.18283986831168741,36.0,0.03535678223498051,0.044772861522431553,-0.027673071619012224,0.45466788457962654,1.2776602005644127,0.1927305841987459,0.5409534500567101,-0.0068460492683124485,-1.2452791417061282,-0.7167035095156641,0.19500451240982683,0.15520984230213805,60.0,0.01253550047125862,0.040050606927615466,-0.07649318896262658,-0.06153463624647524,0.16387734177723035,0.19339102479801415,0.35431560499663284,-0.0041157417262519536,-0.8848758160294298,-0.39498144441580385,0.19512370582740257,0.16970859403531754,82.0,0.02793982420781571,0.04089071547395505,-0.07649318896262691,0.3164489556573694,0.365258980397151,0.19704330244980925,0.19382774661762622,0.0009844867007757774,0.21529343451963792,0.08239680416581802,0.20413417581319973,0.17523211842835487,0.10290761139227911,0.028072701097714647,-0.05119901977945018,-0.006456968914307026,0.04168600872713779,0.05766488413547255,0.01727479565180734,
017348,华安优享稳健养老目标一年持有混合发起式(FOF)Y,FOF-稳健型,013254,False,,一年,华安,2021-12,57,12.0,0.03966736761613432,0.0387143605851051,-0.022620340209916656,0.6371632449387477,1.7536149875740739,0.1695902311873394,1.6294520319488033,-0.02138685634504689,-2.0287810965607083,-2.0088167316100347,0.18917293397003385,0.12947632710788756,36.0,0.033962235145547526,0.03229174558536062,-0.022620340209916767,0.5872161693898644,1.5014024913143644,0.1338260680567415,0.7768939801775009,-0.00761210880421237,-0.9936127901313903,-0.5716584086834183,0.14553112888564623,0.08366060515316255,,,,,,,,,,,,,,57.0,0.017855510836061184,0.029094267509164766,-0.040883318412414216,0.09814685436441015,0.43674318840613874,0.130387921022493,0.5722943907726135,-0.0033609278276605092,-0.5577672853121526,-0.2555267150920728,0.1396654272987796,0.08565235294369991,,,-0.015596880623874987,-0.013711151736745975,0.044691586860261756,0.050468210941350566,0.02064370836070184,
017349,华安平衡养老目标三年持有混合发起式(FOF)Y,FOF-均衡型,010323,False,,三年,华安,2020-12,69,12.0,0.06265182186234863,0.12080735569611789,-0.07516015519263741,0.39444470568674084,0.8335776010809238,0.5458852310291342,2.1884220925994753,-0.055427973895965876,-2.777242146558189,-2.705961351508674,0.49544206581950667,0.4881453393896646,36.0,0.053317737200164084,0.1118664150465372,-0.0924977738201247,0.3425311983424484,0.576421842366154,0.46713119716780876,0.4474435604463623,-0.019273913820894606,-1.387422385678864,-0.7939276333424274,0.44730310212236474,0.46215557628594495,60.0,-0.001592515714732734,0.10353141215763471,-0.24016775396085743,-0.16026552105238673,-0.006630847349275217,0.48543067317817007,0.10462617883081315,-0.017127058426047448,-1.4013956401028087,-0.6217881221304227,0.473229746159727,0.5310482631499449,69.0,0.008504642735851942,0.0987182684199213,-0.24016775396085732,-0.0657969124470309,0.03541125981982591,0.4775214858491671,0.26019090181171445,-0.0222300111676772,-1.7317778578484746,-0.7148130910253053,0.4649016940055743,0.5267708595290719,,0.04853028210692445,-0.1401693320790216,-0.05754923413566726,0.01335035987926636,0.1729865964027948,0.025393104795390142,
017350,华安养老目标2040三年持有混合发起(FOF)Y,FOF-均衡型,010320,False,2040.0,三年,华安,2021-05,64,12.0,0.046940657989135604,0.14645087779461324,-0.09185362265538788,0.21809809862614865,0.5110376339237633,0.6558529239318082,-1.053104551849167,-0.006304945933384487,-0.2574548587425533,-0.25671002458962067,0.6099803674149744,0.7140086136147222,36.0,0.055900327317519594,0.14370011401817523,-0.13380200530137143,0.2846227895988065,0.4177839277640978,0.6026691289273299,0.4124068477573624,-0.030216421343966293,-2.2142834891978094,-1.260614040226667,0.5664706059755409,0.6255965633122104,60.0,-0.002159217167162497,0.12825323077075693,-0.28717754172989396,-0.13379169525821394,-0.007518753570198598,0.6127008737331251,0.1680468287921086,-0.0213568958536261,-1.9721103134028506,-0.8732878133393494,0.5931214503344966,0.6601651364966217,64.0,0.003996490117139873,0.12546838041276426,-0.2871775417298936,-0.08769946536857272,0.013916443789670687,0.6132360436475038,0.5386324940859847,-0.03400959134991399,-2.5538420979365632,-1.0885007484051037,0.5891593131848774,0.6636044894874515,,,-0.12872330236567397,-0.09376717599208517,0.01989325570111622,0.21860133206469978,-0.0030255709545186082,
017351,工银养老2040三年持有Y,FOF-均衡型,007650,False,2040.0,三年,工银,2019-09,84,12.0,0.019090843599164797,0.12851497581202595,-0.06335085591050038,0.031831648983448604,0.30135099715362323,0.5457393025805498,3.3876699266526997,-0.11947295570854244,-2.431129650093811,-2.294947351479536,0.49916846525412206,0.6640568605176842,36.0,0.06405446692042172,0.13046375366091223,-0.11343893714869713,0.3760007323407156,0.5646603232579511,0.5284639373155191,0.22773150364841765,-0.008994771305891436,-0.40471791730328216,-0.23269912294340786,0.5502328166429028,0.5733334641383314,60.0,0.005387855944693598,0.11721625691351757,-0.25059390972572204,-0.08200350624059138,0.021500346718683904,0.538621808840884,-0.2029632203723718,-0.0019587010209819455,-0.12782087260841557,-0.057111896248905614,0.5580031363534791,0.5938337937000869,84.0,0.050797651286742074,0.12354606806548783,-0.2729431484844256,0.28975144128234726,0.18611073979620574,0.5800478810434269,-0.19579089300160357,-0.0018229693656242052,-0.13089355493644794,-0.04943176374069106,0.5849859201414263,0.6247565386227254,0.3026939859609179,-0.013471200757300017,-0.10636256273988776,-0.0764846782852896,0.04409265718629807,0.22965564502312819,-0.0145593869731796,
017352,工银养老2045三年持有Y,FOF-均衡型,007651,False,2045.0,三年,工银,2020-01,80,12.0,0.02105343745215138,0.13588771476438394,-0.06651474148981629,0.04454734898329442,0.3165228786971195,0.5794708454830321,3.183851829804721,-0.11663633559339204,-2.2896146819941476,-2.164475652436409,0.530182306312153,0.7004052030480633,36.0,0.06535466743894891,0.13624146508416055,-0.11858567543064358,0.36959869308395416,0.5511177231281401,0.5531007164628076,0.2727521266483619,-0.01173419549308563,-0.5120976615900705,-0.29406622481461614,0.5738031184661642,0.6025462492810157,60.0,0.0036077395269071832,0.1235689127404955,-0.26448781963988477,-0.09219358024956864,0.013640475133483751,0.5755842184447374,0.08171027139760748,-0.012508522734762328,-0.8021134216373116,-0.3566548081932439,0.587973411889919,0.6327331448001924,80.0,0.04413997401154002,0.1294580680370128,-0.28906764168190113,0.2250919888840666,0.15269773453271188,0.6052990835142532,-0.07627391172425767,-0.008540439995589844,-0.6038047113958008,-0.2329357565019709,0.6099037947452813,0.6632505585378016,0.32020000000000004,-0.02370852901075593,-0.11575762277911383,-0.08028428533824639,0.04522037779049781,0.23941219423147153,-0.017821636350246584,
017353,工银养老2050五年持有Y,FOF-进取型,006886,False,2050.0,五年,工银,2019-03,90,12.0,-0.0712964865420177,0.16272091929003155,-0.12461848171959211,-0.530334310539409,-0.5721180803858943,0.606514172870065,-0.0757325214646204,-0.13186075753495108,-1.3621042506430834,-1.2776828452099558,0.4828250107619858,1.002356499749427,36.0,0.037960217900898874,0.21222194128423263,-0.19676727692561458,0.10818965165410416,0.1929193639003769,0.7904198218228868,-1.816161032670087,0.004224031076190959,0.09427736164161112,0.05453635922937082,0.7881600134211745,1.0084794036862996,60.0,-0.028795372640499473,0.18534768298852833,-0.3800521927312073,-0.23628767262879724,-0.0757668898936338,0.8151131726881659,-1.268678329148398,-0.006088078080112247,-0.21654885985517416,-0.09657306688881351,0.8071722996084391,0.9854248763759423,90.0,0.041440889834995165,0.1789093064870499,-0.4019770369005953,0.14778934843676816,0.10309267950856373,0.8070617995161776,-0.9665595725249215,-0.011291935756314264,-0.4888070342963106,-0.17756144386059775,0.7910811894704277,0.9794266087574094,0.4206971088894895,-0.03486750348675016,-0.15337624802942718,-0.11575762277911417,-0.05422479599894692,0.38806939419241093,-0.09370405026066031,
017354,天弘永裕稳健养老一年(FOF)Y,FOF-稳健型,008621,False,,一年,天弘,2020-05,76,12.0,0.014776571123375604,0.04268847234450568,-0.02908431863295058,-0.00523393938347744,0.5080597317701898,0.1826242815019483,0.9684375510763077,-0.031323445659873106,-1.9170957177645982,-1.889414634471663,0.16087119881738074,0.1852219380948294,36.0,0.02923155397249122,0.04657469559847831,-0.0373947972456008,0.3055640791553814,0.7817010954894289,0.19382741764636474,0.4096251799259568,-0.00892096933849107,-1.0952920930383083,-0.6297773925670134,0.19944683063075358,0.18832434237520887,60.0,0.005801371045258241,0.043104146297216275,-0.10061656688410348,-0.21340473585335382,0.05765820902973789,0.20239735299102318,0.3514538266951455,-0.010867451771710335,-1.6509808771876282,-0.7346562240460611,0.20408048006918786,0.20751399579007437,76.0,0.020904167137220542,0.044900650879839944,-0.10061656688410336,0.13149402116732942,0.2077606877732104,0.21743835749498033,0.3095974790580085,-0.005851699842579272,-0.8931757800555898,-0.353959173207466,0.2182025178486579,0.21455038743631358,,0.028345297257500457,-0.06765706103454416,-0.00998272221155716,0.035097925150280984,0.06444361183964009,0.0031678986272438703,
017355,天弘永裕平衡养老三年持有期混合发起式(FOF)Y,FOF-均衡型,009385,False,,三年,天弘,2020-08,73,12.0,-0.002829604739588487,0.13450381210953546,-0.0975469213039184,-0.13255835994498538,-0.029007627321958582,0.5995909976104038,3.1992121732585024,-0.14011018788881568,-4.598038106402187,-4.294720511061048,0.4625575434925953,0.6929385591299112,36.0,0.055500210901618274,0.12020471351931282,-0.0975469213039184,0.33692697828451845,0.5689591240783615,0.49610487832923317,0.8766974427718895,-0.03270061303765881,-1.5287006820433413,-0.8692881917457377,0.4909413171075045,0.5188208037664073,60.0,0.004293468284439106,0.10534263279635453,-0.20448229493500636,-0.10163531545920695,0.020996772780762084,0.49493039653460275,0.5760650485541069,-0.02489208670206422,-1.6895885483325142,-0.7469471110822252,0.48823390688748924,0.522924631839444,73.0,0.019952076921188944,0.09922358159661347,-0.20448229493500614,0.049908266175285494,0.09757361598240391,0.49386963011639656,0.4324921705908806,-0.016770096190378725,-1.3054635785498865,-0.5252096177413648,0.494051361458626,0.5161980670985925,,0.03863465866466598,-0.12486457204767021,-0.04910760342515186,0.08766409894759741,0.14374064837905265,-0.016483516483516425,
017356,华夏安康稳健养老目标一年持有混合发起式(FOF)Y,FOF-稳健型,013158,False,,一年,华夏,2022-03,54,12.0,0.01221864951768481,0.04973264068698993,-0.033696818019306574,-0.05592605668821426,0.36260543979802906,0.18965313951097154,2.930234846188084,-0.0785316047991459,-3.0093446302570093,-2.8994279775804643,0.15879913021268474,0.19120985275509367,36.0,0.038446043075808234,0.04517000807861559,-0.03369681801930635,0.5190621846912636,1.1409398671940136,0.1819427037078679,1.1087032060724578,-0.019171090944019475,-1.5766743501744613,-0.9022668851887612,0.17763107253094548,0.11393874155860455,,,,,,,,,,,,,,54.0,0.02177711317177966,0.04116214929015649,-0.052553882491880644,0.16464429794486798,0.4143768669259428,0.1767198463920685,0.7430861643185134,-0.008945684153489841,-0.9367693593844508,-0.4397837778887998,0.18305849313055614,0.1319157676942127,,,,-0.017094017094016922,0.0795907928388746,0.05050696484412054,-0.0061338625293164695,
017357,华夏安盈稳健养老目标一年持有混合(FOF)Y,FOF-稳健型,013467,False,,一年,华夏,2021-10,59,12.0,0.036067823189258386,0.04226808290269491,-0.02330628420456704,0.4984333743680424,1.547557854897806,0.17001202047811353,2.220498083150656,-0.038337984708979866,-1.9538162767905545,-1.9192423275807402,0.18397213347206604,0.13522173215842798,36.0,0.030389357625402846,0.03762193217471705,-0.05929835454827703,0.40905282466446286,0.5124823084367666,0.1329421735222259,0.8806473870528323,-0.013815416660536095,-0.9918994296946737,-0.5690380885535203,0.16904447846131795,0.13602523516115622,,,,,,,,,,,,,,59.0,0.011358116005043772,0.04413862903333069,-0.10987074030552324,-0.08251012944253677,0.1033770772223767,0.16785804585589384,0.8310035140969925,-0.01874903492817026,-1.4070617967892312,-0.6290957781451078,0.2033331879655553,0.18650265459505666,,,-0.04992122883024852,-0.04456420354440882,0.04859529233105553,0.07882486810799638,0.013615878799501546,
017358,南方富瑞稳健养老目标一年持有混合(FOF)Y,FOF-稳健型,012515,False,,一年,南方,2021-07,62,12.0,0.004975124378109541,0.0318519099526337,-0.027342637425235017,-0.3147338930945817,0.1819548092869018,0.10588686114187347,2.179300932115172,-0.05874707133898316,-2.8035873379755127,-2.7272735218986224,0.08913603957867947,0.11569814266207598,36.0,0.02423082015490241,0.03461873888903096,-0.027534418022528317,0.26664229983915505,0.8800193319894053,0.133849316755535,0.607240632873947,-0.011913575676947508,-1.1479866295874186,-0.659163464743058,0.13869229030601202,0.11432575983950168,60.0,0.005165482716896097,0.034313004519070135,-0.0827348745696016,-0.28661195429966424,0.06243416387306636,0.14879056291007564,0.41733133794801236,-0.011754962069545627,-1.4732497391224284,-0.655300014698903,0.154395293411619,0.15420482391547063,62.0,0.0057752498853311796,0.033760296940171804,-0.08273487456960171,-0.2732425645134707,0.06980429855456759,0.14686993544186341,0.3436595954757568,-0.009304765137570947,-1.1887594322735533,-0.5207502956704013,0.154562179440078,0.15084736894472855,,,-0.04909001475651764,-0.025863852679495425,0.05830501274426503,0.047767185148018365,-0.013312901063116889,
017359,华夏保守养老一年持有混合(FOF)Y,FOF-稳健型,010281,False,,一年,华夏,2021-03,66,12.0,-0.00649806814190379,0.020359573943939325,-0.020820681877331437,-1.0559193527870152,-0.3120967977988548,0.020775958949507085,1.2219353713461307,-0.0374364585688276,-1.8335382543536776,-1.8018609834773696,0.023017526758084474,0.06177159871886709,36.0,0.024485837246622122,0.03611080325055542,-0.020820681877331437,0.26268696325596746,1.176034358090891,0.12106775581357837,0.21455106837359716,0.0018051319967107293,0.13263337566926706,0.07663924976481006,0.12296788029981029,0.08773950605754678,60.0,0.019214249655743476,0.031587928422567295,-0.022310455662696183,0.1334132963506622,0.8612217494002301,0.11935848296716167,0.2700451603802348,0.0073500023450587815,0.7734789105943086,0.3470740295185996,0.13315304488540855,0.07181044273412913,66.0,0.02270032826125079,0.030579144718759842,-0.022310455662696183,0.25181633862135966,1.017474882828435,0.11799599669560049,0.24045371343734565,0.010236923783270901,1.1551641906052648,0.4948704869747491,0.13822073418837236,0.06332956244332934,,,-0.010051222576591967,0.018549253148491207,0.05156714272021534,0.043751709051135235,-0.011964020609553594,
017360,华夏养老2035(FOF)Y,FOF-均衡型,006622,False,2035.0,,华夏,2019-04,89,12.0,0.03713691347561476,0.06427556075775262,-0.04077823246464207,0.3444063842406029,0.9107043447215467,0.1365165144123155,2.5017055108824944,-0.03844249155265134,-0.6340745417044563,-0.622823407833199,0.241611332319991,0.21583798706589247,36.0,0.05048558919656321,0.1158388091846397,-0.1191009300723389,0.3063359287473461,0.42388912635610426,0.4180247384623093,-0.24899172908002726,0.005736817605580313,0.1693110503782709,0.09800854110438431,0.429038379836156,0.4433473302365509,60.0,-0.001390805390217964,0.10477622101094536,-0.2579077190946022,-0.1564363099954303,-0.005392647397683385,0.44461310763413714,-0.3033692246517694,-0.003708633303357245,-0.17128760552647398,-0.07647185099928477,0.4535606804597862,0.507316063769593,89.0,0.04088723884326462,0.1065713605421779,-0.25790771909460264,0.242909902919173,0.15853437418159186,0.4633266497733287,-0.5082319672159965,0.009704103586470003,0.5542978693380975,0.20443855867888255,0.4717522226872452,0.5013466591025794,0.2891986062717775,0.02875375375375344,-0.12894986499306704,-0.07414544235924891,0.04243959822640475,0.1657986111111116,0.0023082650781833802,
017361,汇添富养老2040五年持有混合(FOF)Y,FOF-均衡型,007059,False,2040.0,五年,汇添富,2019-04,89,12.0,0.07071167883211715,0.22854707800429783,-0.1468443274661403,0.24376456403905325,0.4815417800079613,1.0315788853343208,3.833510225692218,-0.12692587045338577,-3.3305338271969314,-3.132035227161275,0.892495048452365,0.9975841636038103,36.0,0.07488343751422466,0.18762599881948805,-0.1468443274661403,0.31916385730656416,0.5099511762311109,0.7604388959891393,0.42278068531871404,-0.027301582667818458,-0.8443971788837016,-0.48138209008582766,0.7471490074532261,0.8055725390631822,60.0,-0.006365152446025424,0.16671954281325044,-0.31476926680721495,-0.1281502581251523,-0.020221645240619552,0.7728863491383335,-0.12530152752236812,-0.017524687584978826,-0.8505844270355758,-0.3773277940676599,0.7740470005521685,0.8635104913223092,89.0,0.06923006902993722,0.1691362734985134,-0.3236025203769004,0.32062944221372996,0.21393550627882887,0.7943678368549713,-0.538466740911875,0.00985958957954125,0.5313424839379294,0.19598590862005713,0.8362946335852222,0.8876957848179352,0.4358206325433882,0.013130445453430006,-0.14625726744186074,-0.11002340923600762,0.014825442372071063,0.23091423185673854,0.04830270546197046,
017362,华夏养老2050五年持有混合发起式(FOF)Y,FOF-进取型,006891,False,2050.0,五年,华夏,2019-03,90,12.0,0.1509315906562847,0.25116361894935824,-0.1609972533276991,0.5412073262238365,0.937479289470073,1.1130616662606927,1.1591100260560057,-0.004218539511213315,-0.06414032553225262,-0.06401621572783481,1.0848400286164173,0.9732553489338774,36.0,0.10577972171257755,0.17497446391760874,-0.1609972533276992,0.5188169729459696,0.6570281139968889,0.6383710488607888,0.9481626136661333,0.00017431743588369741,0.0031437104659453275,0.0018151670912739972,0.7691443718190139,0.7224060201163719,60.0,-0.0044933050946524,0.16458925591518622,-0.35463702674539765,-0.11843607279382447,-0.012670152171894478,0.7021583679173783,0.5572011303690604,-0.0324912664670286,-0.8888722959982138,-0.3915607338266541,0.794225521542786,0.8791813581731369,90.0,0.06952405781074034,0.16373835082400032,-0.35463702674539754,0.3329950346779012,0.1960428623282287,0.7163258013457998,-0.07313040879324804,-0.0018931159444315337,-0.06502086217800823,-0.023721654258930507,0.792657595381964,0.8582472327792118,0.383779621866712,0.041731066460586996,-0.20166172106824942,-0.11663693131132924,-0.01775645880669874,0.28315627141877986,0.10536155438338768,
017363,华夏稳健养老一年持有混合(FOF)Y,FOF-稳健型,007652,False,,一年,华夏,2019-11,82,12.0,-0.013461081637500816,0.026312924724540804,-0.0328973133860736,-1.0816388499358465,-0.40918483158564817,-0.007591002593023678,1.0852566041458687,-0.03731931877511563,-1.3461618720025434,-1.3229780762776693,0.00418594544058016,0.061064375187452814,36.0,0.030535047380237934,0.054773430779726705,-0.04198875614898112,0.2836237781546436,0.7272196221268366,0.17164134033628373,-0.12959304709061434,0.011914996857185889,0.559133314322486,0.32457490928403715,0.18830221648885415,0.163099146589162,60.0,0.004837044234449195,0.050775036954830065,-0.11087559106473144,-0.20015654099064198,0.043625871014525,0.19357110180499318,0.0849039708507903,-0.0035000178318210784,-0.24314751567074455,-0.10856432812523392,0.19813765719912782,0.2032456579228688,82.0,0.03269755583956413,0.054064570315245225,-0.11087559106473166,0.32734109854885396,0.29490310288830446,0.22370666516264193,0.2983125610581514,0.0001795359335001745,0.014866177119924042,0.005687464958865432,0.24105674652329936,0.20645135952174448,0.16623914759273828,0.02977751459267397,-0.053889756017415524,-0.02431188677606977,0.05490789356589931,0.06934368145773595,-0.017118964973177553,
017364,南方富祥稳健养老目标一年持有混合(FOF)Y,FOF-稳健型,014865,False,,一年,南方,2022-04,53,12.0,0.06639040733556656,0.08676898008764306,-0.048408057179987085,0.5922670438635843,1.3714743206635807,0.3909752999375307,0.2372075599585844,0.010288288839626736,0.7069552935328824,0.7102827560686358,0.42434640949518493,0.3771940465496898,36.0,0.05806544749910336,0.07982754058062634,-0.07139359514249322,0.5394810761532478,0.8133145190855224,0.3355481087727746,0.4155322060147214,0.001159317036939056,0.11994251686094343,0.06928563232493061,0.3627328530550264,0.3191366214083554,,,,,,,,,,,,,,53.0,0.044006533321456986,0.06694771824404849,-0.08093438014926824,0.4332714255580414,0.5437310230867922,0.29694407088182223,0.16381957950376752,0.019409510021812126,1.7005027065961922,0.8163250716305114,0.32357197446223124,0.22748065536709342,,,,-0.014031246890237714,0.02987484860718581,0.13592708741669957,0.04348201190578904,
017365,华夏福源养老2045三年持有混合发起式(FOF)Y,FOF-均衡型,015682,False,2045.0,三年,华夏,2022-06,51,12.0,-0.037693262611443235,0.0734816419972382,-0.08315939800065908,-0.7170942453003937,-0.45326521737380177,-0.007035303045470833,2.7899665677782943,-0.09658447809531356,-1.274787548877234,-1.2173206403939563,0.0262065003873219,0.18859446393080614,36.0,-0.0225186158146804,0.1063822201153406,-0.18663745892661565,-0.3526775035715777,-0.12065432065025349,0.2747192595333901,-0.49876304943836236,-0.03919600783490518,-0.8221493089615762,-0.4660792280481046,0.26516675400357304,0.5021673188025271,,,,,,,,,,,,,,51.0,-0.03679934829116149,0.09495851067271094,-0.25739999999999974,-0.5454945314980337,-0.14296561107677364,0.2815052207880126,-0.19174207450498593,-0.04847012890734059,-1.378509274639189,-0.6536870244801278,0.2594034242615379,0.49812805839428637,,,,-0.12711776322627577,-0.06334841628959276,0.13577421815408086,-0.045556301768524876,
017367,汇添富添福睿选稳健养老一年持有混合(FOF)Y,FOF-稳健型,012743,False,,一年,汇添富,2021-08,61,12.0,0.06474614945807211,0.07549116507854708,-0.03803724296178623,0.6589665082836146,1.7021777714835624,0.29305167523238734,5.0859432085204785,-0.09025933757924276,-2.5721528548262085,-2.4639286796284967,0.3456600033873936,0.26526950806814303,36.0,0.04838119141068109,0.06044854567111433,-0.04640395102376793,0.5522248887888874,1.0426093111317272,0.23990653598483586,1.4851290881080184,-0.02785874107452213,-1.6294036476802745,-0.9286634774174688,0.2516447407906518,0.18721927782282208,60.0,0.02288583256528831,0.052680859824605165,-0.07551122194513726,0.1496906578887148,0.30307856204361294,0.22872496014010485,0.7170208158111708,-0.005148193714862859,-0.4167807328433428,-0.18594979642365467,0.2559688775497659,0.19484831487519969,61.0,0.022526578678300657,0.05224680412227314,-0.07551122194513749,0.14405816403020966,0.29832093956401995,0.22825654068489923,0.7037539640058098,-0.004128682349259893,-0.33933651029930495,-0.15022184105600628,0.2559688775497659,0.19314620157899254,,,-0.030124688279302037,-0.027769207034866072,0.06738601502168651,0.0672943508424182,0.03992942705915148,
017368,汇添富添福盈和稳健养老一年持有混合(FOF)Y,FOF-稳健型,012190,False,,一年,汇添富,2021-09,60,12.0,-0.0032885464624632377,0.10355966897708825,-0.07651198004809845,-0.17659912051775128,-0.04298080457983087,0.4577291287639868,1.8993102895826366,-0.09941672324687822,-3.5539572848256125,-3.388956534005609,0.33261964988051473,0.5080818270025463,36.0,0.03466877116198841,0.07487989231668638,-0.07651198004809845,0.2626709327893275,0.4531155923581412,0.2968374658053515,0.7091472672873324,-0.024776269288280917,-1.3317958586008367,-0.7601415338594776,0.2888949413081415,0.3012115460503438,60.0,0.011874618159053218,0.061775426433527084,-0.07999204059297571,-0.05059263887574813,0.1484474964137364,0.27911217657892984,0.43084244044423947,-0.00899911114227403,-0.7691327407740116,-0.34254558061929097,0.2746859844734848,0.2596404214605672,60.0,0.011874618159053218,0.061775426433527084,-0.07999204059297571,-0.05059263887574813,0.1484474964137364,0.27911217657892984,0.43084244044423947,-0.00899911114227403,-0.7691327407740116,-0.34254558061929097,0.2746859844734848,0.2596404214605672,,,-0.04115472979722312,-0.021460568809250735,0.040455658469072286,0.08523483065588877,0.0001885725061288035,
017369,银华尊颐稳健养老目标一年持有混合发起式(FOF)Y,FOF-稳健型,012038,False,,一年,银华,2022-01,56,12.0,0.04036267914594904,0.06482635947882776,-0.03684645777818629,0.39124022002550485,1.0954290203126231,0.2917289779000964,1.9046155345464855,-0.0416613987302088,-3.6285120478172677,-3.5586939751889592,0.2772231223186982,0.2580067639247908,36.0,0.03530955395529589,0.0901659558387383,-0.0841306156405991,0.2252463667286964,0.41969922229187256,0.37764276285409104,0.8674904565777387,-0.03847512228444527,-2.572920153689596,-1.4590950506057163,0.3251272260053919,0.3518704839443355,,,,,,,,,,,,,,56.0,0.0140140073156787,0.07367032350443223,-0.1265496380045621,-0.013383851697922554,0.11073921298118211,0.3200958778325358,0.5691481390274769,-0.012304000808525561,-0.8125857846150825,-0.37402812573860283,0.280755771794846,0.2584207119996928,,,-0.014599999999999946,-0.05733712198092156,0.04058563892776412,0.07572936064556202,0.026255049047893664,
017370,银华尊和养老2040三年持有混合发起(FOF)Y,FOF-均衡型,007780,False,2040.0,三年,银华,2019-08,85,12.0,0.06264139168421923,0.1373623869643095,-0.08697153909919875,0.34682996369739677,0.7202516171729602,0.6245210189574509,1.1761302218214595,-0.0405573785238752,-2.8326553060051043,-2.7796060313098327,0.5919605349749836,0.6294364841469874,36.0,0.05176662953442435,0.13873498154641012,-0.12367611889306462,0.26501340270928747,0.4185660901858011,0.5872751926606523,0.5987194066270847,-0.038031043594558,-3.300938410735971,-1.8723453651546442,0.5614068922155985,0.6378868877863538,60.0,-0.01841989628479712,0.12457843471147392,-0.3226381461675579,-0.2682638962529771,-0.05709150174459218,0.5904259408972349,-0.03142574341394456,-0.03139404878166141,-2.897641498595277,-1.2771111694031285,0.5613768146166243,0.6942874095233684,85.0,0.04460392439992544,0.1448751825150932,-0.32663910218546965,0.20434089459622448,0.1365541482985059,0.6728191193842671,-0.2652779740740885,-0.01670083681514478,-0.9216335597316951,-0.3436308420407348,0.6374366218019044,0.7396780999816923,0.42801482466977037,-0.017036001863312333,-0.17121386500575464,-0.08813919294232941,0.011824778285407511,0.15883134130146082,0.040721216288486684,
017371,汇添富添福汇盈稳健养老目标一年持有混合(FOF)Y,FOF-稳健型,017371,True,,一年,汇添富,2022-11,46,12.0,0.040210942649967274,0.10026823466651215,-0.06844983763459211,0.25143499069089814,0.5874512495504605,0.44052042527258833,0.08792184878914072,-0.016412922687406573,-0.5664919403610198,-0.5622177205976181,0.41200018968117097,0.45596213154748905,36.0,0.05436242546358949,0.07000201118033848,-0.06844983763459223,0.5623042081203125,0.7941936364231281,0.26816799007761133,1.1006395103251947,-0.014161510401884958,-0.6655579465502824,-0.38175952294166554,0.29568609307975996,0.22988413065497612,,,,,,,,,,,,,,46.0,0.040316828494678214,0.06336969635327548,-0.06844983763459223,0.3995100174307467,0.5889981611045262,0.26513307144348075,0.8402446050608966,-0.007110860435302846,-0.4145125109767392,-0.21102299403417887,0.2865686398793257,0.21696659381138594,,,,-0.021755201182806938,0.0483644607578535,0.12192359180311052,0.013859568609454032,
017372,汇添富添福增长稳健养老目标一年持有混合(FOF)Y,FOF-稳健型,013512,False,,一年,汇添富,2021-11,58,12.0,0.09543245869776507,0.09133649861436197,-0.03905283619013944,0.8806168390290985,2.443675492174908,0.3698181152436014,5.869716585701348,-0.08936171286058248,-2.4580611636822707,-2.355683896453107,0.4475475905023833,0.3001603156239133,36.0,0.059820431856981715,0.07505518488331189,-0.05850670609356856,0.597166364011546,1.0224542766313343,0.3057559732146741,1.4805943624865137,-0.02499181639035697,-1.338314330045298,-0.7637850111060306,0.32394978330865326,0.2510368012458516,,,,,,,,,,,,,,58.0,0.02508250961746117,0.06618391037512374,-0.11125510916159931,0.15234079643095308,0.22545040678562042,0.2944256176544489,0.7711305869596126,-0.007586416094615078,-0.5591527958948806,-0.25345001626538133,0.3243358663380596,0.2638098992025292,,,-0.043317696376883874,-0.04308815858111659,0.057784561709550486,0.09173366316223475,0.0641993957703928,
017373,汇添富添福睿享稳健养老目标一年持有混合(FOF)Y,FOF-稳健型,014093,False,,一年,汇添富,2022-05,52,12.0,0.05768515072571678,0.031170231752915032,-0.013836256279192938,1.3694203836557897,4.169129969966235,0.10152387995998374,3.0501910259211935,-0.028864115613264518,-1.650066485666915,-1.6281216807539838,0.14736357451039506,-0.0054680636026030556,36.0,0.047450043364982486,0.041758862449834844,-0.03669632025879477,0.7770815932537651,1.293046360789007,0.16410929042519456,0.5909042648926041,0.007125145952032286,0.6126896666740795,0.3548902576791614,0.1882507950147944,0.09327093510568632,,,,,,,,,,,,,,52.0,0.030030699549039364,0.036642576103917614,-0.05616085578446872,0.4101976756877737,0.534726530241805,0.15546653040457364,0.5500890516770356,0.000501932635991853,0.05443215649035722,0.026154377129231025,0.16099718646370934,0.08765512079128993,,,,-0.008375378405650391,0.038872494148773695,0.07757860711137288,0.03336060358149262,
017374,南方富誉稳健养老一年持有混合(FOF)Y,FOF-稳健型,013529,False,,一年,南方,2021-09,60,12.0,0.056289219818300706,0.10511701559283047,-0.06428086838534608,0.39279292306237096,0.8756760951153049,0.4668305639384906,-0.7797393625512644,0.01650574962544593,0.7159119780769511,0.7213119401433513,0.48418183409892146,0.5024802979614748,36.0,0.05363046881788991,0.06844516355314316,-0.06428086838534597,0.5644002704134953,0.8343146283648524,0.25896094684844173,0.853713424212709,-0.006395725097502636,-0.3033751600772542,-0.17463969442722563,0.30845988278233866,0.25398212339737025,60.0,0.024324906175497985,0.05619145550081804,-0.07160518247453274,0.16594882784914217,0.33970873803930934,0.24161657301454384,0.5979382462647812,-0.0005715756342298262,-0.04294907155842161,-0.019202376389137684,0.27636719468958326,0.21160650494535177,60.0,0.024324906175497985,0.05619145550081804,-0.07160518247453274,0.16594882784914217,0.33970873803930934,0.24161657301454384,0.5979382462647812,-0.0005715756342298262,-0.04294907155842161,-0.019202376389137684,0.27636719468958326,0.21160650494535177,,,-0.042330135495994625,-0.02323660022720231,0.06153520828927905,0.0966135458167332,0.02434150772025445,
017375,南方养老目标2030三年持有混合发起(FOF)Y,FOF-稳健型,007661,False,2030.0,三年,南方,2019-12,81,12.0,0.07549957235051719,0.13009335202618233,-0.07673526334147196,0.4650473787341659,0.9838966996769667,0.586642952847835,0.6710563233935685,-0.013078178640440252,-0.5999455925326099,-0.5963408717619689,0.5975907545134032,0.5921767847882472,36.0,0.0618812034558871,0.14184879454968258,-0.13417590027700788,0.33050124680098675,0.4611946208531678,0.5952507718975589,0.3660400036017383,-0.02274383986250117,-1.8154738022424368,-1.0371925644201656,0.5728858812949302,0.6126398117146412,60.0,0.011119157077520203,0.12321854556769735,-0.24421943478917885,-0.031495607293527315,0.04552937028586098,0.5926901951070532,0.2839619160954789,-0.011628685395403848,-1.2117989982084816,-0.5390384848343703,0.5716478144131597,0.5829842815838415,81.0,0.049232776675235845,0.12107613836097551,-0.2610269671222758,0.2827375991557849,0.18861184044701856,0.5728583252075943,-0.013697292386021213,-0.008708330168215372,-0.7581968260451963,-0.29066346824736633,0.5545870066661532,0.5886299726570896,0.2754698318496538,0.01589763474214778,-0.10908396946564891,-0.07497215320023976,0.028899592441645527,0.19886568239106928,0.038672373657730796,
017376,南方养老2035三年持有混合(FOF)Y,FOF-均衡型,006290,False,2035.0,三年,南方,2018-11,94,12.0,0.0747214870437618,0.09573378913475271,-0.04516201242375062,0.6238287190293825,1.6545207583457,0.42338841295483254,1.0835136201255362,-0.005587515773106566,-0.20957867720105133,-0.20904141480103097,0.4819354861534182,0.43110123879168216,36.0,0.06068999724435886,0.13530396676769402,-0.12329141607435767,0.3376840926090873,0.49224835902408987,0.5555063862648908,0.5495997976991881,-0.024879848237328694,-1.1251080783882188,-0.6421404074524594,0.5132992757787399,0.5263653745333146,60.0,0.013806308041187432,0.11691913220248025,-0.22890117816782884,-0.010209551989706314,0.06031558313371693,0.5494141219634423,0.23279091656973253,-0.006770686768764689,-0.4761425608029068,-0.21227582191374345,0.5296352723484481,0.5268279577725387,94.0,0.07374817792565991,0.11515651155437825,-0.22890117816782896,0.5101594094218314,0.3221834789840539,0.5387171358025356,-0.12833061029890133,0.011817589288106056,0.8513646288404135,0.3058322635249637,0.5449768985845755,0.5089802173501224,0.34115739160122915,0.056831922611850105,-0.08767915211369426,-0.0928712871287124,0.07414683839045288,0.1379894323262436,0.03940710756592636,0.16449657091740377
017377,南方养老2040三年持有混合发起(FOF)Y,FOF-均衡型,009572,False,2040.0,三年,南方,2020-07,74,12.0,0.07118613790639561,0.16557365798084872,-0.10034876347495236,0.339342251609217,0.7093872952820598,0.7482659384376026,0.6217500170919023,-0.032105612826967445,-1.3311115681039358,-1.3114087590040269,0.7152018575685609,0.7706163220938054,36.0,0.07429168744901626,0.1636946214260082,-0.14555980564457782,0.36220913633266055,0.5103860033340438,0.6872319355103224,0.4277961647618573,-0.02236914521388389,-1.567840866600438,-0.8958749209670516,0.6725979306486135,0.7071849761979677,60.0,0.01726942694708966,0.13816699416430275,-0.25974025974025994,0.01642524657076167,0.06648729374629514,0.6633284405994299,0.29022472297629925,-0.0065164805820753235,-0.5834204325170204,-0.2601333536430846,0.6462899504941213,0.6358670834164394,74.0,0.02990960439107604,0.12670348458069855,-0.26040268456375837,0.11767319928427053,0.11485904779047243,0.5981208359255449,-0.015537639793238292,-0.009951807613943764,-0.5554552953592024,-0.2226562168930262,0.5736837236397848,0.6145822273469728,,0.03808365303639927,-0.10203713719127483,-0.09134711905239912,0.025408749447635826,0.2512389571213103,0.03263302910280719,
017378,广发安裕稳健养老一年持有混合(FOF)Y,FOF-稳健型,013696,False,,一年,广发,2022-03,54,12.0,0.04523194728875435,0.041267150904429235,-0.019654965239035094,0.7325910954882405,2.3012987679531958,0.09909247168549963,4.698080054520223,-0.07675567898042412,-2.8207964965144123,-2.7201310072174167,0.16095142940189905,0.06326945338356789,36.0,0.04843733280221829,0.05603580983020758,-0.03013940702925577,0.5967136533501657,1.6071096805322367,0.21525683512709776,0.6407350540120403,0.000188188422798774,0.011498055751444013,0.006638978146414804,0.22177178655227786,0.14009985161631094,,,,,,,,,,,,,,54.0,0.03627155774729873,0.04795602735768724,-0.038259345794392385,0.4435638004091044,0.9480443795935214,0.19646690395666427,0.3942604465879046,0.014601751249676775,1.198595139835926,0.568794670464552,0.21403499352136693,0.11024877584129066,,,,0.0013895781637716098,0.04945980771136904,0.07414053645636587,0.03218148245845387,
017380,鹏华养老2035三年持有混合(FOF)Y,FOF-均衡型,006296,False,2035.0,三年,鹏华,2018-12,93,12.0,0.04125763712500863,0.20582794603963764,-0.14481698302879786,0.12757080673560248,0.28489501895509217,0.9150156721878543,1.1168663974712423,-0.08398182263566245,-1.7013688346932456,-1.6348432249712697,0.7897890327847558,0.9722542332347641,36.0,0.08251859097556147,0.1964490302115693,-0.1605753951660116,0.3436952114390492,0.5138931209868688,0.8151626564880564,0.7898965938192242,-0.036743857968907445,-1.3427778538527486,-0.7621089206781481,0.7895466364074257,0.8349744589604363,60.0,0.015142112367078742,0.1631596801340524,-0.299141121430068,0.0008710017509349265,0.05061862539891094,0.7453623160138307,-0.2095732204618297,0.006631091752575813,0.2857251885889675,0.12816808146647052,0.7440123441196471,0.7414995834979785,93.0,0.05522625829876837,0.14470213315598668,-0.29977675456955455,0.27799354039518603,0.18422461867687848,0.6433931780242503,-0.04208910563200123,-0.01638519452425058,-0.7083547779848832,-0.25253196940001305,0.6031470481422682,0.666542912009499,0.2552055525894288,-0.010137530129022743,-0.10993339540213443,-0.09840682330222084,0.032039268183846836,0.27455897613282554,0.02910645226948927,0.12211682476285524
017381,鹏华养老2045三年持有混合发起式(FOF)Y,FOF-均衡型,007271,False,2045.0,三年,鹏华,2019-04,89,12.0,0.10457247101747758,0.17838017328485622,-0.09255816290638663,0.5021436484111876,1.1298027935498485,0.7755744592244151,-1.001562058106886,0.03567495934351195,0.6253915786274964,0.635552652244232,0.8028661715504465,0.7710934577961376,36.0,0.12570552299746507,0.1904640969826098,-0.15640674874601002,0.5812408992103796,0.8037090726922476,0.7652700756323096,0.3272289973621367,0.021413015274625025,0.5999435890962034,0.34976404154910035,0.8316657182094004,0.7348113550447799,60.0,0.05367642671792172,0.15902909692688041,-0.2590120160213618,0.24320346065792386,0.20723527634908953,0.7035678956235288,-0.38170765897453646,0.05072987696033415,1.8095424948964391,0.8278999694556608,0.7830122595638047,0.6336310037104814,89.0,0.08860816485663414,0.15163421721089518,-0.2590120160213616,0.4854324189523713,0.34210059524545894,0.6780058554694924,-0.08440448989361664,0.024838652740692524,0.9755201538623138,0.36226506314714446,0.711513336365446,0.6196712922418055,0.31755625813650723,0.03465311595737175,-0.08458390177353337,-0.08345752608047718,0.0626829268292679,0.3288960293780121,0.08059873344847435,
017382,国富平衡养老三年混合(FOF)Y,FOF-均衡型,008625,False,,三年,国富,2020-06,75,12.0,-0.004221388367729784,0.13164340437477745,-0.09393189755529685,-0.1460110246997878,-0.0449409463408816,0.5888372726653766,3.1551448017126895,-0.13951351715709726,-5.030459116946409,-4.700069537187014,0.42282326687636695,0.6387711251318492,36.0,0.053025207674908925,0.14032909490729273,-0.10175084792373257,0.2709716591561427,0.5211279193924164,0.5801014747088099,1.1085208909542836,-0.05059496598644664,-2.0293854753312077,-1.1442413678934813,0.472489610738728,0.4897984569135392,60.0,0.00977963893455236,0.1172360158598398,-0.2022956691631389,-0.044528646143082724,0.04834329363060011,0.5436309254821657,0.6728078592292895,-0.022975396039325302,-1.2451896838531604,-0.5509771326185354,0.4569380805196274,0.45932627479244303,75.0,0.03948014690059365,0.11147632677069898,-0.2022956691631389,0.21959951148146495,0.19516061349170732,0.531801508974635,0.521416381402771,-0.016958780680260577,-1.0387966252695542,-0.4122789431327536,0.45923240339511107,0.446657252982746,,0.07087437886845072,-0.09703679583197622,-0.05039668229354499,0.07832526345770452,0.14271878851910547,-0.01856845673780738,
017383,广发均衡养老三年持有混合(FOF)Y,FOF-均衡型,007249,False,,三年,广发,2019-09,84,12.0,0.020209637282256443,0.1254283373922049,-0.08176321709786283,0.04153477109376251,0.2471727263136848,0.565106699668364,1.8217819422926866,-0.08737247110814217,-3.850691034298022,-3.693942158852944,0.4847060533406142,0.6379502086940879,36.0,0.050745535061711644,0.14013041750747063,-0.11876179043045787,0.25508762264128687,0.4272883970322609,0.5841056583815265,0.13947590486112832,-0.025190717476205715,-2.093132719798931,-1.194453769934933,0.5593818088753363,0.638767615131681,60.0,0.006250486829224133,0.1210042426509186,-0.22513760084445433,-0.07230749087052317,0.027762962764902793,0.5739758104959024,-0.05847518297636819,-0.006164746384829778,-0.6089420559182717,-0.2715568443611723,0.5664275853420822,0.5982797614629355,84.0,0.044124394104826825,0.12007082757618848,-0.2251376008444541,0.24256011799657615,0.19598855961564607,0.5802667790714128,-0.1285171228091219,-0.01056122789801639,-1.1561105748596605,-0.4348494947780508,0.5579645260582381,0.6166046853111681,0.2530190884300738,0.03085652106326786,-0.08783834728191176,-0.08852702926103506,0.0370000906864969,0.185745518146043,-0.0022125525481229147,
017384,兴全安泰稳健养老一年持有混合(FOF)Y,FOF-稳健型,010266,False,,一年,兴全,2020-11,70,12.0,0.04129021362830376,0.02285005544356087,-0.008330610911466696,1.1505536033923423,4.956444859460393,0.06925544674213108,1.0275856318415175,0.007181317608607518,0.3908293290554449,0.39211405725647136,0.14392122971861213,0.05476797652606582,36.0,0.05177507490002564,0.05782764406588531,-0.04085291065194829,0.6359428175584388,1.2673533922987803,0.21265157789206177,-0.07130424835824495,0.025390999813350135,1.5555048757534466,0.9084751838570172,0.2462973328558024,0.16502451139812227,60.0,0.03359453423474079,0.04741733778959771,-0.04723523898781623,0.39214631401807654,0.7112176196124699,0.19999886404502903,0.028482727557435476,0.02628958681074689,2.4382103285774064,1.1034779171916798,0.23126909223181094,0.12370357898581041,70.0,0.03658697046733583,0.04422912341050599,-0.04723523898781634,0.48807140641200586,0.7745693946160179,0.19303909119643065,-0.024923775650656253,0.02617279290942065,2.7470847895820105,1.1509816229665466,0.22096761426305098,0.11250213801343203,,0.046782471377813106,-0.0177258155760891,0.001823766557880857,0.05633802816901401,0.09215419501133737,0.024167427954489007,
017385,申万稳健养老一年持有混合发起式(FOF)Y,FOF-稳健型,010735,False,,一年,申万,2020-12,69,12.0,0.01957734882444484,0.05287813296446578,-0.030604168498812756,0.08656411578526854,0.639695498513685,0.23259218328875422,1.4908928759482791,-0.044713024822449765,-2.9416667069430336,-2.8808838589050105,0.22302581089455326,0.26015486357863893,36.0,0.0371419357570284,0.042797018821193314,-0.030604168498812756,0.5173709844028573,1.2136234238309487,0.17574781864118355,0.68436958726101,-0.007143666243956792,-0.7235668729486328,-0.41638196447182574,0.19757596931670532,0.15201771468050723,60.0,0.017479892442886724,0.038879409616438154,-0.05899875084077977,0.0637842103918736,0.29627563624287234,0.17717881655261303,0.4156223843303925,-0.00046090298737988533,-0.061638727962035164,-0.027559853497024778,0.20309192776309803,0.1586154073489706,69.0,0.019032039097176545,0.036821207781314653,-0.05899875084078032,0.10950317331042711,0.32258376365523783,0.16934277085185248,0.2830566800842001,0.0008691668657396789,0.12251699342765682,0.051113468871152166,0.19325327766379166,0.1548632064089514,,0.03596333931061935,-0.04731224156168845,0.0013122034924801795,0.03689516129032233,0.07865059303908217,0.0045065344749886105,
017386,兴全安泰积极养老五年持有混合(FOF)Y,FOF-进取型,010267,False,,五年,兴全,2020-12,69,12.0,0.08541883906847447,0.12552871170900343,-0.0624807633117882,0.560977947672379,1.3671222075540579,0.5579816128882932,1.4033501783826798,-0.017959881609015627,-0.5606785416966589,-0.5560481510579847,0.6082220506230407,0.5731119772268941,36.0,0.090352203738159,0.17090644190871637,-0.12743877127438774,0.4408973874630525,0.708985207834609,0.6962674226179648,-0.33839793797912693,0.014876542311352381,0.7574516386662078,0.44028875189870353,0.7000246983114736,0.6816523847954782,60.0,0.03403995573356666,0.14678768571171,-0.2271348469528447,0.1297108517056465,0.1498667253846508,0.6814904976744368,-0.3764243953284273,0.029837739438960398,1.857639738084697,0.8420626264656108,0.7032673532297659,0.6288405356489705,69.0,0.03944021314555468,0.13759877943230914,-0.22713484695284492,0.1776194036486922,0.17364228199534174,0.6489936788850578,-0.8543346671175968,0.037815070155927666,2.294128881078803,0.9731884994528442,0.6402676741528759,0.5910075018540323,,0.05868042039704169,-0.10166375585991372,-0.07009106722603065,0.05556778169014076,0.25237152090065695,0.03970367904111871,
017387,兴全安悦稳健养老一年持有混合(FOF)Y,FOF-稳健型,012509,False,,一年,兴全,2021-09,60,12.0,0.026072692739359304,0.030482094727159518,-0.010814464346062702,0.36325235645611803,2.4109093067426657,0.11757382016978446,0.7057418524662625,-0.0061964821449820295,-0.3446985565659573,-0.3437184952632617,0.1523437855279292,0.1279706686860165,36.0,0.05259376903098345,0.055292926156691395,-0.03866156412520849,0.6799019629463752,1.3603631984638394,0.21190022496105748,-0.09727200472647676,0.026958598937146583,2.1006372143158365,1.2277169152418217,0.2513568602922803,0.17027392123110588,60.0,0.03514177867574442,0.04633013552843737,-0.046335053051688946,0.4347446526112885,0.7584275049073992,0.2053739023706909,0.034137413263667656,0.027410939128626577,3.1555291723973,1.4288383225037353,0.24797483063327067,0.1368832595669858,60.0,0.03514177867574442,0.04633013552843737,-0.046335053051688946,0.4347446526112885,0.7584275049073992,0.2053739023706909,0.034137413263667656,0.027410939128626577,3.1555291723973,1.4288383225037353,0.24797483063327067,0.1368832595669858,,,-0.015326807079996119,0.005021088572002563,0.06704636290967225,0.09832381309111282,0.013300366612669645,
017388,上银恒泰稳健养老一年持有混合发起式(FOF)Y,FOF-稳健型,013139,False,,一年,上银,2021-09,60,12.0,0.05395537525354954,0.12038739903053801,-0.09283461018476791,0.3235834943461811,0.5811989208137206,0.4877297378900054,4.38196346374521,-0.10404045947751395,-1.8322143332741962,-1.743112110147215,0.3877232070000871,0.35488324972982827,36.0,0.0222883401006575,0.07144144885344399,-0.09283461018476791,0.10201836913482684,0.2400865372978592,0.1909632571398885,1.8580613705827547,-0.055640670870009235,-1.6739062069817925,-0.9415295821023013,0.17326259004025357,0.16953882237351733,60.0,0.007719883095260505,0.05864146492076917,-0.09283461018476791,-0.1241462319295008,0.08315738149700515,0.18302959747610723,1.0072544564372499,-0.02612110933891465,-1.2508778960469795,-0.5526802454348512,0.18207253507763613,0.17062824883013544,60.0,0.007719883095260505,0.05864146492076917,-0.09283461018476791,-0.1241462319295008,0.08315738149700515,0.18302959747610723,1.0072544564372499,-0.02612110933891465,-1.2508778960469795,-0.5526802454348512,0.18207253507763613,0.17062824883013544,,,-0.036690862086109055,-0.014966969446738365,0.026197212616577925,0.022873481057898326,0.03743635819107527,
017391,泰康福安养老一年持有混合(FOF)Y,FOF-稳健型,012458,False,,一年,泰康,2021-07,62,12.0,0.027356782003622238,0.055002730569870636,-0.0321995464852608,0.22465761018764818,0.8496014692674223,0.2481055732419599,0.48302385925257446,-0.015963923976362815,-1.6762558644003311,-1.663955401131744,0.24050138089842413,0.25537881436882676,36.0,0.036464123742571575,0.04601412216572001,-0.03243801652892542,0.4664681782968382,1.1241169357582645,0.19439033160717437,0.7211513707719021,-0.01128459234499668,-1.3211688332470164,-0.7588239340442158,0.20691996498627996,0.1693359600205097,60.0,0.014226475672711958,0.04017562275527723,-0.07614914184257271,-0.01925357403915876,0.18682384762947335,0.19008022928829993,0.4490143440908098,-0.005046943122466008,-0.8154975632112044,-0.36385720539922184,0.19966895223570266,0.16790226951929468,62.0,0.01460666785657927,0.039515561720568956,-0.07614914184257249,-0.00995385428662626,0.19181657866580396,0.18797652509650334,0.36631373820797475,-0.002525263210886197,-0.41158571642735436,-0.18086390123450155,0.19992821730063162,0.1645980562492909,,,-0.04541864139020546,-0.012412081092263105,0.03414327607875989,0.077476200121531,0.013065137700911889,
017392,泰康福泰平衡养老三年持有混合(FOF)Y,FOF-均衡型,011233,False,,三年,泰康,2021-04,65,12.0,0.06769645448890738,0.13545257744763822,-0.07898396217669412,0.38903988009588225,0.857091143863667,0.5981075130242597,1.9727939888259283,-0.0509631313726393,-1.3419977540131822,-1.3103551972235947,0.6087586231162301,0.6367754605465523,36.0,0.050262274138950014,0.10918726226078154,-0.08953880764904387,0.3229522694206768,0.5613462526322432,0.4509922902924581,0.7880736196203176,-0.030112816484230143,-1.5651970529356096,-0.8911259406121307,0.4577806491994302,0.4928555138826127,60.0,0.0027805947394765607,0.09775258478723199,-0.2171389882967405,-0.1250033979880958,0.012805598668796507,0.4568494376115876,0.254636700388202,-0.016583694650519232,-1.2764213111156058,-0.5664810419394286,0.4667187792854125,0.5074357062070085,65.0,0.0054539036277485575,0.0941852622102567,-0.2171389882967405,-0.1013544597979776,0.025117108956477657,0.45289689632893315,0.27042618528484125,-0.021753292633068466,-1.739206367995276,-0.7398027387258833,0.4513389453761007,0.5116495317634545,,,-0.10884886452623344,-0.060522847100175636,0.02408511633345034,0.15241465920767228,0.02030909451159113,
017393,泰康福泽积极养老五年持有混合(FOF)Y,FOF-进取型,012513,False,,五年,泰康,2021-06,63,12.0,0.08446579194001846,0.1790420637290305,-0.10924967001726082,0.3879858760182233,0.7731445955550561,0.80301589689306,2.257208728559239,-0.06217692763332561,-1.6710461953448172,-1.6228732068655876,0.7908293235227516,0.8272548996195861,36.0,0.05568731743046862,0.1481345631669667,-0.12506354855109303,0.2746645790193392,0.445272168234682,0.6122173927248621,0.7638193667051739,-0.041105049961657314,-1.7530088367886112,-0.9928878424771416,0.6043943901815182,0.6841249028908251,60.0,-0.014473398507408586,0.13616963278395736,-0.3243031016882606,-0.2164461921856703,-0.04462923244354683,0.6302797457533736,-0.05415799152704693,-0.026748451362240577,-1.537659012614848,-0.679190211044109,0.6193545394314006,0.7378051058396127,63.0,-0.01459812667389937,0.13304579669073838,-0.3243031016882604,-0.22246570286395048,-0.04501383612399725,0.6317920318702857,0.04580457002181123,-0.03152499058026936,-1.882984919055483,-0.8098591384826952,0.6130077884334528,0.7433696731583568,,,-0.1717415335142195,-0.09633584081533608,0.005504833512351981,0.20149552677259952,0.028784174260946926,
017395,招商和悦均衡养老三年持有混合(FOF)Y,FOF-均衡型,007660,False,,三年,招商,2019-12,81,12.0,0.07780896854531094,0.13536758749396582,-0.0743179084636324,0.463988239046594,1.0469746815249368,0.5997604213193963,-0.16810073544154241,0.007849458517827923,0.23071505907667492,0.23154392358836862,0.6448811566123461,0.6538600456158836,36.0,0.08194050449523083,0.12536786749451986,-0.07431790846363251,0.5339526453870403,1.1025674186636782,0.5234487532778074,0.3853987322704923,0.003110530256384969,0.2173501925307196,0.12566599387922234,0.5567306995507444,0.5122051163179606,60.0,0.027635349250978658,0.10708535087226988,-0.1628031111788929,0.11799325629562489,0.1697470585842313,0.5029929444943829,-0.0491464122734,0.01583266130747152,1.4021379252311197,0.631592548218076,0.5483346338721732,0.49537867766874777,81.0,0.06163682535224191,0.107023569984626,-0.16280311117889246,0.43576219106633535,0.37859734317063326,0.5032065293969377,0.22442520329234064,0.002444457449189752,0.18972864803550746,0.07310837187437577,0.5207712391267164,0.48725221053763323,0.24677860210855096,0.012997181334169383,-0.05789148245478437,-0.05472147017802986,0.04990453046346044,0.19393237992890877,0.036765214983036865,
017397,嘉实福康稳健养老一年持有混合(FOF)Y,FOF-稳健型,010866,False,,一年,嘉实,2022-01,56,12.0,-0.000295537385479272,0.03281886238748183,-0.03587143677061433,-0.4660593412681325,-0.008238794207467443,0.0872357069624236,0.4452049672059329,-0.021763927893517998,-0.7448603676548681,-0.7374007665560948,0.07206824175672236,0.11084926053696863,36.0,0.018818306095337967,0.033378833692723583,-0.03587143677061411,0.11439303513382909,0.5246041917884351,0.12163918753135032,0.4525979498885326,-0.01097272711075381,-0.9682859373571602,-0.5562230396642407,0.1297100946572933,0.12356188060296014,,,,,,,,,,,,,,56.0,0.00315314976782477,0.03460932919166106,-0.0737000000000001,-0.3423022204957866,0.04278357893927769,0.1388149623528086,0.28431929109365073,-0.009829654749977212,-1.0749227220297466,-0.495346749544849,0.14943327625964312,0.1579682132066746,,,-0.034499999999999975,-0.02775763852925961,0.03430275913497427,0.06324029251210139,-0.016952436307274943,
017398,民生加银康宁平衡养老三年持有混合(FOF)Y,FOF-均衡型,009884,False,,三年,民生加银,2020-09,72,12.0,0.07667731629392938,0.12356627430170743,-0.06818794358099012,0.4991436105238072,1.1244996148454898,0.559755582786768,2.675310741664589,-0.05538199466101268,-3.103406165605239,-3.023820799471349,0.5734369485544923,0.5534865770104688,36.0,0.07639450842924678,0.11153263280534552,-0.0779461084769284,0.5504622896905583,0.980093938260678,0.47039705699201095,0.6200156011280014,-0.0032987028322876144,-0.25675052494908734,-0.14801073370584425,0.5050733044008983,0.4587335806898784,60.0,-0.004193749372179201,0.1092668428938432,-0.2760374103332427,-0.17565941198490234,-0.015192684814411023,0.49767028830072235,0.3340558212496165,-0.026037961188141723,-1.4363017779584581,-0.6346315144922654,0.509470725714238,0.5812904287440855,72.0,0.01265920133966536,0.10392978642223216,-0.27603741033324247,-0.02252288531436746,0.045860455379517974,0.49646059903596257,0.18621056408388306,-0.016337509552544094,-0.9964516833086571,-0.40374451014097745,0.5068646586198576,0.5609110636040406,,-0.06256429439820443,-0.11701915403032725,-0.05423116032086739,0.048381316449647604,0.17160437556973518,0.048823186150554365,
017399,民生加银康泰养老2040三年持有混合(FOF)Y,FOF-均衡型,012311,False,2040.0,三年,民生加银,2021-09,60,12.0,0.060684391925160286,0.09977883472465647,-0.05701061187626999,0.4578565389265982,1.0644402845011292,0.45242814604055404,2.1670833707302117,-0.046958006330608315,-3.43009664158576,-3.3556315958055727,0.4636822365757907,0.45569676182456903,36.0,0.030120876718545464,0.12344780333854757,-0.16516554611188639,0.12248801768531631,0.18236779659930402,0.49979243993709116,0.322491773869536,-0.04038570957787202,-1.8564953222992426,-1.0518603718909256,0.4638548256695751,0.5815883919213127,60.0,-0.029330868820751643,0.1196519782438649,-0.35782591725214674,-0.37049841942771794,-0.08196966012409677,0.5447690056954979,0.06625898527239829,-0.04377472341895927,-2.3868111592195813,-1.0458253445726777,0.5051204060990788,0.6783209511463675,60.0,-0.029330868820751643,0.1196519782438649,-0.35782591725214674,-0.37049841942771794,-0.08196966012409677,0.5447690056954979,0.06625898527239829,-0.04377472341895927,-2.3868111592195813,-1.0458253445726777,0.5051204060990788,0.6783209511463675,,,-0.16439043984735902,-0.12101910828025464,-0.017500683620454427,0.15502365711104904,0.03819277108433772,
017402,广发养老目标日期2040三年持有期混合发起式(FOF)Y,FOF-均衡型,008609,False,2040.0,三年,广发,2020-05,76,12.0,0.07510845986984793,0.17665661545205413,-0.1192738509076865,0.3402559237084546,0.629714386667863,0.7982966810375981,1.8702123707993787,-0.0614003404886474,-2.1726962710940674,-2.110853132899923,0.7186597268099661,0.7525310312128414,36.0,0.07014194396915752,0.16774764794357022,-0.14351947249124253,0.3287196252534467,0.48872771583965746,0.7051491202791927,0.5824183042931508,-0.03221204726174265,-1.9986501189470278,-1.1367841456292835,0.6700799201437021,0.7164912508123316,60.0,0.0016729283462908473,0.14413778557921247,-0.30742314421394634,-0.092460638271601,0.00544177749065828,0.6934520225777461,0.28219500572827794,-0.02169661806946821,-2.051967499369827,-0.9085060729885279,0.6589899167380026,0.7113442824981618,76.0,0.027778786228875862,0.13416896699789901,-0.30742314421394645,0.09524397865473593,0.0903601005705141,0.6744502186354414,0.6416165143361799,-0.04157864588434157,-3.5684392281524526,-1.390724997789583,0.6037926739811432,0.7116815598812058,,0.019343191196698584,-0.13932697984313058,-0.09691327780499737,0.01714409722222232,0.23085129080435252,0.030941237649505737,
017403,广发养老2050五年持有混合发起式(FOF)Y,FOF-均衡型,007250,False,2050.0,五年,广发,2019-04,89,12.0,0.10845954931658719,0.28447832412837004,-0.18924694899049543,0.3285295974761642,0.5731112173546025,1.2183286041128891,8.359613791553976,-0.19747769691927375,-2.0231932621118096,-1.832804897721649,0.9780758594033656,0.9268892187289898,36.0,0.1057182123198972,0.21673058073522602,-0.18924694899049554,0.418575966585561,0.5586257156790762,0.8818419504880219,2.3904945930412187,-0.06658386603143962,-1.4117163880851076,-0.7898718873548036,0.8039686648783386,0.7445405321327103,60.0,0.014007205974523984,0.18454769438050467,-0.31613534675615196,-0.005379606766742097,0.04430762367527447,0.8519822683202043,1.1858765486579634,-0.034469722882593756,-1.1383236296182566,-0.5009802010261916,0.7898531468818594,0.7833110209437137,89.0,0.0562199149272562,0.1722171635554144,-0.31613534675615196,0.23934847187279826,0.1778349542502152,0.796130457105544,-0.010857768568750334,-0.017131880733586624,-0.6971631147458186,-0.2539777721932467,0.7520213543200348,0.8155084920615864,0.27814693495554543,0.03954016255400172,-0.1678523631753186,-0.11486372100897224,0.08310222817251556,0.2289422567543704,0.07787915798548783,
017405,兴业养老2035(FOF)Y,FOF-均衡型,006894,False,2035.0,,兴业,2019-05,88,12.0,0.07155137126483879,0.11410583119258533,-0.06340819022457067,0.49560456879186676,1.1284247509892285,0.5176898002095026,0.910583669668191,-0.0151176135382175,-1.0543010278493499,-1.0469757828154798,0.5298956046031442,0.5102399355990985,36.0,0.0712219796542255,0.12417186176526183,-0.0915664913598796,0.452775523012687,0.7778170660084048,0.5235940073164466,0.40574053701953017,-0.007741662121471982,-0.7637155188921622,-0.4393646250906615,0.5124932795480086,0.4864542663103047,60.0,0.001165343488654269,0.11895528689493066,-0.2739623207986184,-0.11630131684323902,0.004253663369682427,0.5512041662556385,-0.1655263664661994,-0.007502529940293989,-0.5244897183270067,-0.23375126770572083,0.527315168939767,0.5752739950230785,88.0,0.03738936410503513,0.11867241236084881,-0.282152133580705,0.1886652816743582,0.13251490828915002,0.5699034262746021,-0.01690094042443468,-0.02426220220332298,-1.8203969456340903,-0.6647176996279966,0.5260383729170152,0.6282075289851632,0.2717002993144728,-0.005086933414318984,-0.1723901098901094,-0.060580912863070546,0.03985080486847248,0.190107608080045,0.03815038071066024,
017406,中银添禧丰禄稳健养老一年持有混合(FOF)Y,FOF-稳健型,010217,False,,一年,中银,2021-11,58,12.0,0.027669115542409806,0.052113544490332946,-0.029136788599437025,0.24310600375224767,0.949628180469567,0.2321693519409858,1.4033361546977927,-0.03506568092468909,-2.835379646220295,-2.7895163870428608,0.2201177094378329,0.22313313028328075,36.0,0.02809104780414251,0.042423406692481784,-0.04661016949152552,0.30858077709403964,0.6026806619797835,0.17587257434444883,0.620782875971959,-0.013995964291070306,-1.5589818551330805,-0.8942900604927609,0.18690643422963116,0.1738460363457778,,,,,,,,,,,,,,58.0,0.0154853456401296,0.037929262041820684,-0.06555918125185423,0.012796073901845485,0.23620407308994,0.1660206866356103,0.25976646956952476,0.0019404276530150533,0.24635589782918035,0.1121567790693415,0.19134771784438112,0.15482352946346123,,,-0.009385921118322593,-0.029230924301985484,0.03146090748624264,0.07348500100664368,0.01003375843960952,
017407,长信颐天养老三年持有混合(FOF)Y,FOF-均衡型,006872,False,,三年,长信,2019-09,83,12.0,-0.013191181785327077,0.10045839446381866,-0.058915809656614915,-0.2806254463431673,-0.22389884586515235,0.4067696194075216,-1.1988325719382746,-0.033805917180353084,-0.7037516714946225,-0.6927797693612247,0.38022379380103505,0.6247584489892676,36.0,0.05346659715720059,0.16158223828263024,-0.1181759794476559,0.2380620392813043,0.4524320205095718,0.6344067828642289,-0.3092932707307239,-0.01367835501199477,-0.44133088866266357,-0.2532011153893987,0.5693048228795753,0.6316165403192068,60.0,-0.0021107215452542682,0.1396918241525673,-0.266298539365871,-0.12248906941444504,-0.007926147662245794,0.5943584394629644,-1.2711476803985005,0.02209938042728732,0.9097464681706509,0.410955670898524,0.5722512102557522,0.6312664138385127,83.0,0.03655885560448846,0.1290668091904044,-0.2662985393658711,0.1670364033923237,0.13728522766795864,0.5756521242508634,-0.23733510202309324,-0.012206135803351836,-0.613283473271338,-0.23188408753778061,0.5336579998638913,0.6046481871157178,0.25488847401002257,,-0.08410501193317432,-0.07087763185324203,0.052726048911823975,0.20886615515771534,-0.03720028208744719,
017408,长信颐和平衡养老三年持有混合(FOF)Y,FOF-均衡型,012095,False,,三年,长信,2021-12,57,12.0,0.03340911337352992,0.1364897309514029,-0.07917522092296692,0.13487544627137169,0.42196425831302864,0.6033440760045827,-0.6123240562638045,-0.023973918276658734,-0.7062955009674851,-0.6985006910789354,0.5734877119915279,0.7170853787443984,36.0,0.05466925622236407,0.16151777857327992,-0.1300493716337522,0.24560303251302024,0.4203730901239938,0.6607769298177774,-0.16760455752580156,-0.020020432990428216,-1.0762817769409467,-0.6156688445702196,0.6121932028120951,0.6943273842359187,,,,,,,,,,,,,,57.0,0.009411430509773888,0.13902114068681995,-0.22609303254142554,-0.04019942191969039,0.04162636240481888,0.6201388639483305,-0.622628653703813,0.016167257684554404,0.958330385507055,0.4429609662163321,0.6059382774718467,0.6141687348728583,,,-0.08544619684567778,-0.07105435494433543,0.011632005639760523,0.18641114982578433,0.023494860499265968,
017409,长信颐年养老三年持有混合(FOF)Y,FOF-均衡型,012450,False,,三年,长信,2022-01,56,12.0,0.03344934261407562,0.09139714876715163,-0.047976715801333114,0.20185906084530242,0.6971995072064973,0.35024498257619613,1.0138847233908606,-0.03341309594050168,-0.6158706454363022,-0.6063811240642945,0.39771315797052104,0.46453110780335305,36.0,0.056151718653817184,0.15099030931999186,-0.12772757328631257,0.27254542916793995,0.43962096209209406,0.5758184753124665,-0.9006203284918266,0.01321082898083814,0.43212272217827347,0.25099321988785406,0.5529654256921299,0.6001046818605166,,,,,,,,,,,,,,56.0,0.014400625328317984,0.13135995174983756,-0.20849999999999957,-0.0045628417466494426,0.06906774737802404,0.5471932225612335,-1.1601453589206787,0.03488642342687287,1.5480172350139831,0.7279798327137321,0.5557778777054575,0.5531784030826385,,,-0.0682999999999998,-0.06933562305463126,0.008995502248875686,0.20230883529546229,0.01625629812719831,
017410,农银养老2035混合(FOF)Y,FOF-稳健型,007407,False,2035.0,,农银,2019-08,85,12.0,0.013427734375000666,0.12750047190994665,-0.09013618237905341,-0.012331449456201399,0.14897163403850922,0.5641663305240612,-0.5346421809742216,-0.04061844135506931,-1.3101565137501192,-1.2855830016014453,0.48201967083664615,0.6600631593764417,36.0,0.029977679503518262,0.0995885569040742,-0.09013618237905341,0.1503955872956878,0.3325820853766791,0.4004786904474591,0.8790940595660842,-0.04582718835205768,-2.0424132546571676,-1.1542102556730982,0.3903791246519306,0.4752529178516808,60.0,-0.00866744252186935,0.08883732811943616,-0.2142208774583969,-0.26641326369079865,-0.040460307252511485,0.40586488932136555,0.48326834769571775,-0.033206836591715305,-2.178893579561674,-0.9595097615194157,0.3930191416328985,0.47383881483332396,85.0,0.03145537981580726,0.10062992460327001,-0.22880475129918365,0.16352372200100543,0.13747695201782067,0.4573644025466365,-0.037557334671711726,-0.0160608307334823,-1.0429161255884416,-0.3889666513649458,0.4448440529579828,0.5240442219640702,0.26418524543105937,0.0006055101422954845,-0.09848714069591524,-0.0898640711528782,0.01751636397160472,0.13998369122044085,-0.010252742012398341,
017411,农银养老2045五年持有混合(FOF)Y,FOF-均衡型,010193,False,2045.0,五年,农银,2020-11,70,12.0,-0.01104911935236852,0.20103584615910922,-0.14433502437083467,-0.12957450051844,-0.07655189307330162,0.886531145094613,-1.4890654897405693,-0.07179102293016448,-1.4627488236286905,-1.4139708670711715,0.713380177450005,1.0705469130533731,36.0,0.028340365027836656,0.1529632574056503,-0.14433502437083467,0.08721287225505879,0.1963512678324202,0.6179874256060415,0.963239136838311,-0.07162673025635424,-2.3116626850794013,-1.2902364148514154,0.5732224975050118,0.7466720955571892,60.0,-0.02456317893093707,0.13778174672715643,-0.28726469458317305,-0.2871438334228874,-0.08550712772615077,0.6269866880728313,0.18471892325480502,-0.04297211174955129,-1.9762517094577767,-0.8662615316604381,0.5885514951366863,0.7440661171110721,70.0,-0.017152773073615624,0.12999686172500396,-0.3078716657340048,-0.24733499445264892,-0.0557140360179663,0.6102844641992637,-0.026831426099697207,-0.044489503764224,-2.2012666651650123,-0.8926736811886653,0.5478539816719727,0.7444391841108757,,0.02038416307330393,-0.13859008835958464,-0.12465157765637169,0.008661317029677873,0.19143831291829772,-0.041865394806571476,
017672,兴全安泰平衡养老三年持有(FOF)Y,FOF-均衡型,006580,False,,三年,兴全,2019-01,92,12.0,0.061634658329611014,0.08802733197197406,-0.041711503971304076,0.5297747561457213,1.4776417165876663,0.3885686957663195,0.3333742756501242,0.0038685416803987405,0.157954851845338,0.15823472344178038,0.43206287968911056,0.40737417392310843,36.0,0.07716542273767013,0.12287944990659139,-0.08931975024646732,0.5059057701261366,0.8639234046752398,0.49941933340858946,-0.26060100952125104,0.021035714234921787,1.4267108315482748,0.8316237424438919,0.5234281113924388,0.480236409983969,60.0,0.0355952485569182,0.10511509513001098,-0.14941682013505242,0.19593045633878836,0.23822785496803475,0.4901951531190479,-0.16544265172382167,0.027354634761350693,2.3691886463227183,1.0727525882831042,0.5224540581206197,0.43420299511733645,92.0,0.08744386657283254,0.10754078178166206,-0.1494168201350523,0.673640877187539,0.5852344233654235,0.5073754135356513,-0.2863677308009416,0.02933317891688003,2.7657356526540435,1.0122253700404118,0.5358795962626504,0.44885555681376804,0.26689050855785723,0.05300581771170032,-0.07262124002455494,-0.030383266035612366,0.057687056253413305,0.19169947718324476,0.029951795482857646,0.22110000000000007
017673,东方红颐和稳健养老两年(FOF)Y,FOF-稳健型,009174,False,,两年,东方红,2020-06,75,12.0,0.03388676032354154,0.0247285624960069,-0.010188022860929458,0.7637629695050541,3.3261370519196145,0.011843955032697107,3.127256316614748,-0.041342845315670895,-2.1677467229276393,-2.12635738494797,0.06726079058432562,-0.034648217574820554,36.0,0.04213084396546418,0.024503100162581056,-0.010188022860929347,1.1072412790809214,4.1353307251630005,0.06715104926666458,0.5953860649203634,0.014715542621098976,1.2625363510766252,0.7338290643933454,0.10573595717172514,-0.014339336313677035,60.0,0.02747498000222559,0.0268244914061898,-0.032260996001453934,0.465059330047427,0.8516469857591301,0.07182520839902413,0.15576906622704728,0.020527864339870305,1.9703162541557968,0.8894122125873768,0.11614202465855224,0.018807028598873184,75.0,0.031554455481004995,0.025505976501246346,-0.032260996001454156,0.649042214878386,0.9780992341210633,0.07206448058898475,0.05392413044908555,0.02372237612778183,2.7258566438790566,1.1021475027677732,0.11979593595391107,0.019855233859003642,,0.034753470560076494,0.0017579570688379675,-0.007296573381361804,0.06559359880908056,0.03186937920195598,0.027500423083431702,
017674,东方红颐和平衡养老三年(FOF)Y,FOF-均衡型,009183,False,,三年,东方红,2020-06,75,12.0,0.04731861198738163,0.14229268052813662,-0.09681245366938485,0.22712771920120672,0.4887657547548066,0.6387726011274368,1.1802133978559666,-0.05572620685026053,-1.9721594818302264,-1.9212667453367072,0.5404754380452138,0.6069255499847299,36.0,0.06956446231326274,0.11960614146006429,-0.09681245366938462,0.4562011753508616,0.7185486957166274,0.49768426710100044,0.6656361313462807,-0.013788995356619371,-0.7718413921924367,-0.4427994582539576,0.5018344256140648,0.4777234020387698,60.0,0.016146761749220362,0.10666722862936857,-0.19882402351952966,0.0107508347592395,0.08121132176783623,0.48328931369305184,0.1315936576063556,-1.836978668212641e-05,-0.001041618195227547,-0.00046582189619002594,0.4856587975367821,0.47014078982579594,75.0,0.037880778350496414,0.099665791551796,-0.19882402351952955,0.22957504269261078,0.19052415135727077,0.4621606632840674,0.1971916213067213,-0.0052091933845160865,-0.321694502245397,-0.12837028689021932,0.46251651790231674,0.46416332973712865,,0.0545663920630699,-0.0881982360352791,-0.0905573468447719,0.05935980551053466,0.1862688850640657,0.016927293245204034,
017675,东方红颐和积极养老五年(FOF)Y,FOF-进取型,009184,False,,五年,东方红,2020-06,75,12.0,0.04922874958976031,0.19089602703465586,-0.128079168446533,0.1793057200899541,0.38436187700821145,0.8592521278749515,1.0670672951136428,-0.07181752695653432,-2.137051173870891,-2.0657607363170185,0.716390510515636,0.8399738199087083,36.0,0.08129844929790497,0.1636713647200288,-0.1280791684465329,0.4050705473820241,0.6347515390985952,0.6742761318198679,0.3555221403943835,-0.011838604919834239,-0.5226841229608049,-0.3001308760708961,0.6774333691357514,0.6850205658569428,60.0,0.010205044581749645,0.14423011673034783,-0.28300376270915084,-0.03324517463446964,0.03605974876114136,0.6539407212501415,-0.06564323884382102,-0.0019021767732196881,-0.0846441267747417,-0.037820990632303556,0.6396037187260738,0.653335767169543,75.0,0.04013191048251574,0.13492749230150758,-0.28300376270915073,0.18626234026758784,0.14180698552676207,0.6245585245748968,0.0969972225114053,-0.011360582691193888,-0.5320830617759952,-0.21172273003176154,0.6108960183026941,0.6487901544999057,,0.0639693356047697,-0.130974301497078,-0.12832795946568376,0.05273726484886887,0.26884850918582437,0.011788907350264832,
017901,国寿安保养老2030三年持有混合(FOF)Y,FOF-均衡型,013510,False,2030.0,三年,国寿安保,2022-05,52,12.0,-0.015194489465154115,0.07925723356973864,-0.053625599373715804,-0.3809682486404967,-0.2833439559204551,0.3330110146264678,-0.04705193315885596,-0.054212127000044075,-1.6528059197039477,-1.6113250117723605,0.2623176696550855,0.45754927714477595,36.0,0.022845946391165217,0.12177425668541825,-0.12195927352779301,0.06443025483977127,0.18732438895644052,0.49628086108002184,0.6275833218959512,-0.05589836764334999,-2.5094193372345512,-1.4113097065244313,0.38696387519793485,0.49158419629063765,,,,,,,,,,,,,,52.0,-0.0064851266005410135,0.10814437794316735,-0.2072152653548004,-0.1986707678121927,-0.03129656779599215,0.4770986110016795,0.27794838660219523,-0.049976896108591795,-2.5961786901628794,-1.2183318329623083,0.36204418351126855,0.5119830771494854,,,,-0.08475661827497838,0.05516678329834357,0.11219188681330783,-0.03379049890677788,
017905,国泰海通善吾养老目标2045五年持有混合发起(FOF)Y,FOF-均衡型,016907,False,2045.0,五年,国泰海通,2022-10,47,12.0,0.06788717589348292,0.12030479232494101,-0.0568950425718151,0.439609884788593,1.1932001950397195,0.5294474145619296,0.6212582409330326,-0.01263865784530227,-0.3618118709862164,-0.35971118357322285,0.5933413106607491,0.6200585874358369,36.0,0.09072227445190761,0.16020948475243502,-0.15103778605641294,0.47264539030830827,0.6006594562901144,0.6481980918893268,-0.5252473313416827,0.026200977154518412,1.4193635600585628,0.8292648142046339,0.6977310338637559,0.6826929241902251,,,,,,,,,,,,,,47.0,0.05188312719385313,0.14533903238898302,-0.2324865280985371,0.25377303390282474,0.22316616630733538,0.6569676450354066,-0.23534842775156356,0.004966677490221283,0.2996674361915414,0.15176368587535044,0.677105249407662,0.6952510000226576,,,,-0.12391672477338367,0.04968732234224049,0.26029029462738307,0.047786850021487304,
017906,国泰海通善元稳健养老一年持有混合发起(FOF)Y,FOF-稳健型,016946,False,,一年,国泰海通,2022-10,47,12.0,0.027853631895139674,0.03196806060124906,-0.012159403567941651,0.4020773125860959,2.2907070843981163,0.13360854709727132,0.7734950651510771,-0.008144880873459881,-0.5740088228712401,-0.57186284339356,0.16831536203891748,0.14536517077767488,36.0,0.04489938444532959,0.05100239889290385,-0.03980602141846845,0.5862348653072788,1.127954586903227,0.20761418338705379,0.20903778033028647,0.01054065973504792,1.1310859155691346,0.6561816748364143,0.23339513151636956,0.1749456266585008,,,,,,,,,,,,,,47.0,0.03150993082273246,0.046007778439755787,-0.0558315120206635,0.3588508591944109,0.5643753801808284,0.2086186123897109,0.2624299727369263,0.004571448544328671,0.5867327753236472,0.29709154857800846,0.22277726605263193,0.1712084064367992,,,,-0.02534054487179538,0.053951289692734994,0.0819032761310452,0.017664023071377155,
017909,国寿安保稳健养老一年持有混合发起式(FOF)Y,FOF-稳健型,008617,False,,一年,国寿安保,2020-06,75,12.0,0.03675871435038469,0.048782572904629354,-0.030729613733905592,0.4460345786378119,1.1961983859831884,0.21814678883962732,1.5529942681074487,-0.02827760988004624,-2.775001580664097,-2.7388497025273626,0.22382317702141472,0.19307193449203616,36.0,0.038739564513469604,0.055291459925987274,-0.045023000880884956,0.4293531866448671,0.8604394144219948,0.23819064228409018,0.5601966042258522,-0.009864344508165868,-1.7708667467109207,-1.0177796403040642,0.23611679710287586,0.2046028156265719,60.0,0.022048513552628046,0.04735585912377645,-0.060562295397650345,0.14884142496929437,0.36406337322352333,0.23042777355749983,0.4528173753415893,0.0013381690534797208,0.26599449982690443,0.11902929823745825,0.23995863113063534,0.18090015948952573,75.0,0.021915405742921612,0.0432846930636341,-0.06056229539765068,0.15976561813098852,0.36186550722731936,0.20824416671766666,0.4549372446825424,-0.00781640460367905,-1.1505979883361788,-0.4585880436702712,0.19764053315204907,0.17575746341335974,,0.012774256460262867,-0.025611399961486536,-0.010474308300395196,0.04004393848611909,0.07671627460393671,0.021134296415195264,
017942,银华尊和养老2045三年持有混合发起式(FOF)Y,FOF-均衡型,013928,False,2045.0,三年,银华,2022-03,54,12.0,0.06115924092409242,0.15812823232763729,-0.09783005105762199,0.291910181026066,0.6251580190637902,0.7213236880824466,1.7521455074478975,-0.06443181448996993,-6.195626254247499,-6.010461650369173,0.6679786001186971,0.7411353651916717,36.0,0.04835226083139155,0.14723221419892765,-0.12956326987681976,0.22652828399584352,0.3731941998481645,0.627092848847382,0.9437454292316639,-0.055111840588962124,-4.098420075632978,-2.305842339932681,0.5880194883903086,0.6898396572885657,,,,,,,,,,,,,,54.0,0.006351255427487379,0.13204438276278124,-0.2515886770652803,-0.06549876936491995,0.02524459964404282,0.5982255121155281,0.12974797226736948,-0.02160911999972126,-1.3688069760460786,-0.6388457998667345,0.5887490124004902,0.6613857853944994,,,,-0.09828559258864877,0.0005904581955598065,0.1769149061725479,0.03178900922583239,
018151,银华尊禧稳健养老一年持有混合发起式(FOF)Y,FOF-稳健型,013909,False,,一年,银华,2022-03,54,12.0,0.04441636699387708,0.055067591580472565,-0.03216427403234612,0.5341865541893133,1.3809224156344893,0.23967025396120453,2.8743430331682016,-0.05381913311165465,-3.8963197627833233,-3.799248877865934,0.22904038059503787,0.1694505195410338,36.0,0.03101839236339221,0.05251560045311864,-0.04803671596124448,0.30502159787151323,0.6457225841253912,0.2223288233594075,1.0741909272209225,-0.03027265015912528,-2.919916495362046,-1.6622941332102132,0.21418442324259043,0.2030398588438664,,,,,,,,,,,,,,54.0,0.01611705628912885,0.0457968117521987,-0.08166076347894513,0.02439157326438169,0.19736597605145298,0.2044137603968479,0.6094976765254697,-0.011905457932498309,-1.3654646937270138,-0.6401662519206707,0.2057882493900288,0.18205108842423995,,,,-0.029699969693908534,0.02956793336803787,0.06340378197997842,0.021871434005324986,
018161,宏利泰和平衡养老目标三年持有混合(FOF)Y,FOF-均衡型,006306,False,,三年,宏利,2018-10,94,12.0,0.0795634424727154,0.08119927713783684,-0.03862173419159409,0.7951233649915148,2.060069133043543,0.34719482634608323,4.786075320487098,-0.07711822847278793,-3.4052414682449137,-3.2831364132554524,0.37742428521833377,0.25535645382850514,36.0,0.07154161379607649,0.10267239261028764,-0.09903152297759199,0.5506992908082975,0.722412537392405,0.4269152834123558,0.8058040725186891,-0.008337257713604718,-0.47789535653028575,-0.27485708826040794,0.4426479601351144,0.382635725179521,59.0,0.020002964822418035,0.09138690254928965,-0.19281542250278816,0.05474487790763758,0.10374151902775716,0.42978624044946895,0.5010403488947358,-0.005721112454113664,-0.4845268456701957,-0.2179420273234771,0.4391919098865957,0.4021557776736354,94.0,0.06148719721535656,0.09512931778284339,-0.19537191455489977,0.4886737159355572,0.31471871151714886,0.4452305393191022,-0.012114047830627219,0.009917705900327256,0.8475824861433343,0.3042109420410395,0.4646474286877853,0.42937560098532196,0.2777474526928678,,-0.09409847315148412,-0.04081052930593709,0.04995064165844054,0.16707408800300882,0.04390558285668256,0.11266322502277504
018162,宏利泰和稳健养老目标一年持有混合(FOF)Y,FOF-稳健型,009355,False,,一年,宏利,2020-06,75,12.0,0.00414377083145645,0.05798610434493699,-0.0441367373431415,-0.18722121948327525,0.09388484697544958,0.10303557152717648,7.377875133363313,-0.16852468306888846,-4.533929238183435,-4.172063507295256,0.06645326510175989,0.07951015415355744,36.0,0.021202632445660674,0.05111413880231537,-0.04528518200057319,0.12134866381392906,0.46820243419563395,0.169255031322544,0.7163108945285472,-0.022151679660769585,-1.0952629159851826,-0.6259042126363157,0.15442163221292896,0.14971976936834078,60.0,0.004583760439107021,0.04441275152189927,-0.09013930620049204,-0.23453263317308512,0.0508519605077901,0.16969546309570596,0.4388788823325544,-0.013319369828622363,-1.016200146211258,-0.4516774663450899,0.16444214407810198,0.16659847002262687,75.0,0.017525449348099187,0.04184255440974557,-0.09013930620049171,0.06035600320593677,0.19442627291936695,0.1684973992986729,0.3572516238151126,-0.0061086130466714295,-0.5679036324430897,-0.22652474703604852,0.17223773986048885,0.16030200142598997,,0.017862205840657897,-0.03974001857010223,-0.010636240572423072,0.030492572322126543,0.05918057663125986,-0.0018803724928366794,
018164,宏利养老目标2030一年持有混合(FOF)Y,FOF-稳健型,013246,False,2030.0,一年,宏利,2022-08,49,12.0,0.03724446933632031,0.03784318708936263,-0.02111979868787639,0.5878064467401326,1.7634860012988725,0.09403857582262634,3.921680522078635,-0.06621775592149237,-2.4954578849558926,-2.4187844195962884,0.14158449337478118,0.0655333953955834,36.0,0.041602622140167744,0.037751056835915606,-0.049120309163022347,0.7046854941252543,0.8469535890357567,0.12458975601694024,1.1557803377942057,-0.010073093872734251,-0.6627238519330007,-0.3808540543719536,0.16287576135424878,0.07801262252949369,,,,,,,,,,,,,,49.0,0.026158446709747096,0.03573381779125424,-0.06761069006780995,0.31226573032109933,0.38689808791348757,0.127532697416427,0.791670502106416,-0.0042369293537617425,-0.3403981894328873,-0.16812604198518674,0.16957553134744546,0.10140001491539188,,,,-0.028146198238331532,0.06094384831753308,0.07413589945011845,0.015814973946429722,
018263,海富通稳健养老目标一年持有混合(FOF)Y,FOF-稳健型,007090,False,,一年,海富通,2019-04,89,12.0,0.03707354056103118,0.0801806166565189,-0.049605411499436425,0.27529771510227646,0.747368874491695,0.35811292767402697,0.5342016832003686,-0.020717849351922335,-1.1396575963977136,-1.1287948650926016,0.3387945651836615,0.3621764671708913,36.0,0.038708441975113805,0.05432777483314643,-0.049605411499436314,0.4363963377467252,0.7803270007255895,0.20143192499243506,0.9230067040288922,-0.015642439377928308,-0.8659636488009642,-0.496369671977587,0.22535223056842704,0.18752184901289756,60.0,0.022329147251209047,0.04670839916617343,-0.049605411499436314,0.1569128332815326,0.45013530935960044,0.19950431193171028,0.6421932991774915,-0.002735388689005136,-0.23871299435815807,-0.10662178857369842,0.23183106687706337,0.1704162158922206,89.0,0.04314434172965442,0.047301815432674504,-0.049605411499436314,0.5949949589083479,0.8697507071409878,0.20612537737167674,0.19137136319718656,0.015460457837027208,1.6631230811130266,0.6150042583841805,0.25299512604456137,0.17458546424411425,0.11421512732801187,0.057564386832679615,-0.029836303523909424,0.003574100241044542,0.036938876925625586,0.07643769968051117,0.014988498924093152,
018264,海富通平衡养老目标三年持有期混合(FOF)Y,FOF-均衡型,007747,False,,三年,海富通,2020-02,79,12.0,0.0404417870785585,0.17817477879019467,-0.119278072920457,0.14279118094776394,0.33905466519003813,0.790068310325376,2.0377028064566,-0.09436151509085744,-2.065425422925992,-1.9744994573838877,0.6575615844230919,0.7925029036824001,36.0,0.042132474597833314,0.11922374427649518,-0.11927807292045711,0.22757609872501253,0.3532290014940983,0.4540337744428793,1.6013325341721212,-0.060052030666541745,-1.6946950653152728,-0.9512013082497996,0.43432748568295393,0.4839966371837675,60.0,0.0011533132266807744,0.10436491098963702,-0.19242005527043005,-0.13267569187783948,0.005993726719701283,0.455871706161422,0.8058962043575305,-0.03298309078402828,-1.4587467710469548,-0.6424496064486215,0.45183879338594984,0.4939201862702069,79.0,0.03484040823808088,0.10042767926096496,-0.19242005527043027,0.1975591628133202,0.18106432923073223,0.43482527409618976,0.4886381310068997,-0.02091009007681066,-1.0639763135725326,-0.4106867976269073,0.4374023553965942,0.48151670385853274,,0.0412140310141802,-0.10998725708824453,-0.039999999999999925,0.020786726323639426,0.13806958268651282,0.005295675198588201,
018321,兴全安悦平衡养老三年持有混合(FOF)Y,FOF-均衡型,017264,False,,三年,兴全,2022-12,45,12.0,0.02424138227456374,0.057538451549616655,-0.031141582686271096,0.16061228666528668,0.7784248642330777,0.09277188054694796,1.104004664605543,-0.012988706691883234,-0.2201882339152442,-0.2188743245060523,0.1902665647027861,0.18962718758012398,36.0,0.060284956828021485,0.13118678747473458,-0.11704681872749101,0.3451944948094942,0.5150499388486348,0.4523877670145772,-1.0486769447870585,0.036475534295775214,0.9205700913213014,0.54031936312524,0.47623019235337244,0.47060768926742563,,,,,,,,,,,,,,45.0,0.04783221338407029,0.11915855227267175,-0.141021897810219,0.2755338392240617,0.33918287958683374,0.4476190147131697,-0.8934673526906097,0.042260293911914326,1.297528162270021,0.6829218913544257,0.4740421673717274,0.4232739224316544,,,,-0.06082148499210105,0.04604709840201848,0.19708542713567812,0.0003358240282091973,
018353,国泰民泽平衡养老目标三年持有期混合(FOF)Y,FOF-均衡型,008631,False,,三年,国泰,2020-07,74,12.0,0.07647920864627156,0.1491840169033705,-0.10922801834719742,0.4121031858667064,0.7001794027167194,0.6525240633088663,4.12508159371814,-0.09572636715552119,-2.132497068302493,-2.0372350826763954,0.5810999764185371,0.5513397810710963,36.0,0.054228700259137064,0.15085867422346824,-0.13019639118731963,0.2600360931253264,0.4165146189122531,0.6023999040662363,0.37426068657204237,-0.029732495566894945,-0.9904596390445253,-0.5640069531511628,0.5680768656310967,0.6311879055572184,60.0,0.008517661249866082,0.12892625299976482,-0.23531989482909732,-0.05027943184035406,0.03619609492028752,0.5975620005788158,0.4290649918251479,-0.017766403683566856,-0.9333791591556878,-0.4140098255937533,0.5654660090983616,0.5835867737507359,74.0,0.026539040432152383,0.1188769964993055,-0.23531989482909743,0.09706705899336712,0.11277856660367169,0.5514057629406793,0.6278524155899449,-0.027653503563041748,-1.3394258320242949,-0.5325072784968855,0.51301072088271,0.5506959919003596,,0.0775332892624423,-0.12191060473269033,-0.02634993512326589,0.007073295745770869,0.16754885993485358,0.02467306015693116,
018354,广发养老目标日期2035三年持有期混合发起式(FOF)Y,FOF-均衡型,007668,False,2035.0,三年,广发,2020-09,72,12.0,0.10853491556366923,0.22594219384197137,-0.1564217529649986,0.41397719466727617,0.6938607546992223,0.9905727481872028,7.585357109130883,-0.16895302952995817,-2.7458032128463774,-2.5260761107714913,0.8681672898010927,0.815845078039815,36.0,0.0765971342014986,0.18690903647692717,-0.1564217529649985,0.3295567478306616,0.48968338961549845,0.7923749362543694,2.3845230528503705,-0.0855538810171218,-2.8947292311069566,-1.604680304026699,0.6788067295523106,0.6888044933920229,60.0,0.019189491777958256,0.15620050313282294,-0.2526963187449859,0.026821243811204504,0.07593894471143349,0.741761207112298,1.1555825686936856,-0.029388170613358744,-1.4072488915783063,-0.6208182270486756,0.6769707894761983,0.6517392403635993,72.0,0.032904793954208644,0.14481450854149142,-0.2526963187449861,0.1236395036280406,0.13021477367628462,0.711493349858884,0.47889599173610564,-0.01276324562997222,-0.656810862300478,-0.26656969151505244,0.6503365301067486,0.626896778860435,,0.03694078336736628,-0.09586466165413521,-0.09504009504009503,0.06410677168799905,0.1822761385833247,0.05600000000000005,
018361,安信禧悦稳健养老一年持有混合(FOF)Y,FOF-稳健型,009460,False,,一年,安信,2020-06,75,12.0,-0.00610007419009162,0.07231081998306717,-0.051487689469885134,-0.29179691497112836,-0.11847636304712256,0.32110089553794025,1.0337874517799832,-0.06870665637063056,-3.723615459954546,-3.604849863353337,0.23966026591724335,0.38652515875516097,36.0,0.030431726953196625,0.07442345115700023,-0.05517241379310378,0.20735032725965066,0.5515750510266855,0.31074005715828645,0.4198258498375785,-0.022287600309141564,-2.114360405997175,-1.2082058965897051,0.3024443906402807,0.3415718245009615,60.0,0.012301600737183005,0.06422500673055472,-0.09382071366405664,-0.04201477586662899,0.13111817483323868,0.30187033271797353,0.27966626438806746,-0.004943426386970207,-0.5697871750700857,-0.2542387072785447,0.30656288609097937,0.2941442548214973,75.0,0.030382043802891,0.06145372271736119,-0.09382071366405587,0.2503028803256771,0.32383087504194524,0.29261039541171563,0.6671085467110656,-0.011609031189230845,-1.1352436043476382,-0.45167618328734155,0.29543638143246653,0.27241831798380317,,0.08683712121212128,-0.04766053846824081,-0.005489478499542955,0.021067157313707563,0.09892783133615568,-0.011478232352217566,
018689,永赢恒欣稳健养老目标三年持有混合(FOF)Y,FOF-稳健型,017146,False,,三年,永赢,2023-03,42,12.0,0.0368651254128356,0.0737954945126884,-0.04299560931157331,0.2962935008054741,0.8574160478966035,0.31399189095552893,2.229946679114143,-0.05454194791153677,-1.9176963015310482,-1.86927153961438,0.329539102749493,0.35058103834872445,36.0,0.05137569959521038,0.057383153528613826,-0.0429956093115732,0.633909037032477,1.1949057221845556,0.22745787288649075,0.4864116548415753,0.006052564617103684,0.4258544880448641,0.24654851845596387,0.2662336856511461,0.19870411320127968,,,,,,,,,,,,,,42.0,0.04372864060487558,0.053402728547611675,-0.0429956093115732,0.537962036513964,1.0170489802340135,0.2251379240327411,0.48951613788169174,0.008634272558758482,0.7012303063989359,0.3763043791840782,0.2641881407564697,0.17146985769699383,,,,,0.04099929485242315,0.11312173408167236,0.009823524298009367,
018696,建信优享养老三年持有混合(FOF)Y,FOF-均衡型,014365,False,,三年,建信,2022-04,53,12.0,0.06318681318681274,0.199848968422411,-0.12658548959918836,0.24111614669415068,0.49916316148780676,0.8877842776849845,0.44970719697641487,-0.04749734488441848,-0.9847330072685421,-0.9631074015022484,0.7720180191820372,0.8647680033017593,36.0,0.049497356623019906,0.1353185019755094,-0.12658548959918825,0.25493451464060257,0.3910191980119127,0.5224879569490196,1.1767583202510454,-0.04835821348488112,-1.317943001442396,-0.7438987663985602,0.5172331640900878,0.5773744101484638,,,,,,,,,,,,,,53.0,0.018344839894576914,0.11638433023323312,-0.1496217703114252,0.028739606851488398,0.12260809276881074,0.48180045449754444,0.5502779036890506,-0.025387396176133947,-0.910212742089108,-0.4280444064193109,0.4774512461735964,0.5181457468141037,,,,-0.058903252710591936,0.02824858757062154,0.11861667744020665,0.0436290089569491,
018700,海富通养老目标日期2035(FOF)Y,FOF-均衡型,013253,False,2035.0,,海富通,2021-12,57,12.0,0.03935599284436497,0.15379479981159713,-0.10824165578966993,0.15836681652566756,0.3635937805759335,0.6834186177884062,0.32599382597246207,-0.04773073967112129,-1.2955628783558473,-1.2669701130286328,0.5820988154499611,0.6959092741095053,36.0,0.033089621364613464,0.10461449582904427,-0.10824165578966993,0.17291696739785098,0.30570135982501645,0.40284088742979973,1.5603271522191968,-0.06206072484950442,-2.0398410751040488,-1.1438161294076772,0.3631604796394964,0.41553610162174437,,,,,,,,,,,,,,57.0,-0.0026021393020695394,0.09304166595579454,-0.1713,-0.18918555596836126,-0.015190538832863627,0.4038914221179405,1.0399990771353382,-0.042167356581165216,-2.090823265232828,-0.9406504937420733,0.3713382511055971,0.4152394449027135,,,-0.0826819001803969,-0.050693761608215815,0.018298998734031624,0.10567359855334546,0.009608504548707097,
018720,国联添安稳健养老目标一年持有混合(FOF)Y,FOF-稳健型,015962,False,,一年,国联,2023-02,43,12.0,0.036513657056145954,0.04395438395028456,-0.019761775852734087,0.48945418232864746,1.8476910844575847,0.1773214176526198,2.5960671380465974,-0.047362640994316196,-2.4779838227533277,-2.4237208178067657,0.1992059020793433,0.15679253128651272,36.0,0.02841152079776954,0.03776567209190032,-0.02178274577242756,0.35512464243012737,1.3043131060976085,0.14013868685245864,0.7277529430339967,-0.012182018333502742,-0.9609753189794425,-0.551714711263106,0.13817665641507523,0.09492473267234894,,,,,,,,,,,,,,43.0,0.025100937029926884,0.03456860322420771,-0.02178274577242756,0.29219974450264735,1.1523311749659892,0.1373465640056782,0.6958032937192254,-0.007989178792328744,-0.7475667449952735,-0.39346932446191196,0.1379792740480804,0.07540461024144453,,,,,0.026742220896708746,0.04250580945003901,0.015045973808860191,
019012,富国鑫汇养老目标日期2045五年持有期混合发起式(FOF)Y,FOF-均衡型,013420,False,2045.0,五年,富国,2022-03,54,12.0,0.022000534425937524,0.0946005027274907,-0.05670574540616946,0.07400102773347297,0.38797716648203895,0.3431084082208514,0.35110303072138627,-0.02776443891217273,-0.44336357803837345,-0.43769293044534224,0.410527322960526,0.5292355188027456,36.0,0.06268326752590925,0.14798892942060643,-0.11400481121221628,0.3222083416144349,0.5498300190965306,0.5673847523402401,-0.5335084342064423,0.009205389654787677,0.2889247453004275,0.1675134125761027,0.573839653107821,0.6077738719118679,,,,,,,,,,,,,,54.0,0.031026827090204545,0.1308291648336212,-0.1763733592610598,0.12250194450592322,0.17591561004561948,0.5373750922998315,-0.9392105229528539,0.03717051267528304,1.4368162951252557,0.6887848408925445,0.571179322775597,0.540880645152134,,,,-0.04528814977512807,0.03363277826468014,0.2190779014308426,-0.0024343592418708537,
019456,国富稳健养老一年混合(FOF)Y,FOF-稳健型,017332,False,,一年,国富,2023-04,41,12.0,0.019542465499675643,0.044553865260953555,-0.026831877339989263,0.10195446507436029,0.7283301593865837,0.19398430306045955,1.954380652466823,-0.05071022565437189,-3.98773476327174,-3.8941802408772945,0.18225282753539804,0.19868093750166588,36.0,0.03453428352155363,0.049715193567689386,-0.032890766445383135,0.392923815029642,1.0499689503709086,0.20869006241716903,0.7449761242756948,-0.015620175338000863,-1.6262936279751352,-0.9321998448890351,0.19121557518612997,0.1516756322261817,,,,,,,,,,,,,,41.0,0.02850721517399668,0.04712470971618824,-0.04280736684917852,0.28662702126643963,0.6659418056344136,0.20831580050848314,0.7493343043275551,-0.014091032037801487,-1.6413451229050002,-0.882221079576648,0.1923393359097748,0.14262778613877974,,,,,0.04502947753608466,0.06186168660636149,0.008335623339745135,
019462,工银安悦稳健养老目标三年持有混合(FOF)Y,FOF-均衡型,017198,False,,三年,工银,2023-06,39,12.0,0.026229508196721874,0.06445772204095299,-0.033561058923996634,0.17421509543243316,0.7815459058107193,0.1718548642717032,4.696007606023436,-0.1014560806604865,-2.039061705191163,-1.9424127731688228,0.2185928397655664,0.22384122745581336,36.0,0.05235820279990766,0.08150608140774387,-0.07245647579752434,0.4583486551514948,0.7226159183648373,0.2993746004821145,0.12622850381447762,0.009469537890663515,0.3926291206380016,0.227666711525834,0.3347273504662758,0.2977588993989677,,,,,,,,,,,,,,39.0,0.046198692204617364,0.07899012885057963,-0.08570578315643285,0.39496950642571876,0.539038213095773,0.2978451674393487,0.10066399552252993,0.011234391117720621,0.4963648053282809,0.2767485146091288,0.3296051712448285,0.28296617366405846,,,,,0.04650197218185581,0.13519143027177138,0.011882918304936707,
019496,招商和享均衡养老三年持有期混合(FOF)Y,FOF-均衡型,016669,False,,三年,招商,2023-05,40,12.0,0.0434063662670523,0.12408801765695457,-0.07774299344066771,0.2289211061907898,0.5583315530573104,0.5593908423381332,0.21318126601937967,-0.029375833295490983,-1.49908704926748,-1.4787948003481068,0.5150318843481859,0.5926636667150564,36.0,0.08457206872072698,0.11240368639516145,-0.07774299344066771,0.6189482832097025,1.0878416816464769,0.46278617574028647,0.20337922932013971,0.018067076245915192,1.1678492563808514,0.6798233897707078,0.5205801766335177,0.4494426393722866,,,,,,,,,,,,,,40.0,0.07230370479404669,0.10726342687860523,-0.07774299344066771,0.5342333958703355,0.930034998578075,0.4600681987813495,0.2993969391339603,0.018869641671236836,1.2704031505367415,0.7018260827692271,0.5121319799485888,0.4126531308788553,,,,,0.05109111593753246,0.2306405588900915,0.009034940433357397,
019652,景顺长城隽丰平衡养老三年持有混合(FOF)Y,FOF-均衡型,014374,False,,三年,景顺长城,2022-07,50,12.0,0.05904255319148932,0.11406963555344485,-0.06924939467312363,0.3861023398365654,0.8526074988840923,0.4699408015779473,1.9584025046594085,-0.04464696142790536,-0.8331708914626356,-0.8159809599057806,0.5284470944717319,0.5569052448992096,36.0,0.07307140713639537,0.1256024388812174,-0.09588332643773279,0.46234298994236633,0.7620866927666343,0.51486689408651,0.38751880630152935,-0.0041210651452746605,-0.20585657394384768,-0.11862669201271857,0.5325162584759642,0.5102479727326044,,,,,,,,,,,,,,50.0,0.0435983949813985,0.10893663539936539,-0.13558148734177233,0.26252320788645456,0.32156598836754274,0.4822620780924686,-0.09509789363045172,0.022775402848338677,1.2522498197476508,0.6198524727815757,0.5060660213369028,0.4257290027157619,,,,-0.058258319004753534,0.07432069595102542,0.17424772568229474,0.01702707304614326,
019655,农银鑫享稳健养老一年持有混合(FOF)Y,FOF-稳健型,017325,False,,一年,农银,2023-02,43,12.0,0.013768115942029091,0.07247148146909399,-0.05284953658055613,-0.016998190639945104,0.2605153579926473,0.3201233573950309,0.14088219734111265,-0.029425629416232724,-1.516915559554939,-1.4963469799259468,0.2723026171209269,0.3553244313674838,36.0,0.008516351442725778,0.062114951365173525,-0.08735728501099826,-0.10438144786038518,0.09748873767830091,0.24841227999236984,0.9278855623650304,-0.050259481205687795,-3.175094496364127,-1.7905210058159027,0.2134934463805585,0.297354563886967,,,,,,,,,,,,,,43.0,-0.005820367255513825,0.06017884280799339,-0.12983121941476083,-0.34597486897418894,-0.04483025948419994,0.24782187317792037,0.589034451929276,-0.04213652401225598,-2.7312459447250506,-1.4147553042337901,0.22048817696832132,0.31659613303988215,,,,,0.007868852459016473,0.06343526350032525,-0.001427551748750866,
019745,广发安诚养老目标2040三年持有混合发起式(FOF)Y,FOF-均衡型,018672,False,2040.0,三年,广发,2023-08,37,12.0,-0.01953124999999989,0.15475779463528316,-0.09312266239218381,-0.22313092585339236,-0.20973680840163814,0.6754310005324892,2.935268487030033,-0.15580763547839294,-3.297629525631665,-3.054941573172576,0.5018343463277135,0.8129945476788469,36.0,0.07166234547111117,0.15820781265039788,-0.09312266239218381,0.35815137395472146,0.7695478590303503,0.6433550390011282,0.1744449606827916,-0.012407539878445895,-0.5022536128489089,-0.2883235074016808,0.6120848590502078,0.6252506599340663,,,,,,,,,,,,,,37.0,0.06941670220727847,0.15605277568572873,-0.09312266239218392,0.34870704457617,0.745432963620946,0.6344497992375918,0.1331373318071992,-0.0015823527596675602,-0.061654196784230696,-0.035086272411074114,0.6120848590502078,0.5902058126923008,,,,,0.0823420836751445,0.1695878730459497,-0.003726204941271849,
019746,广发积极养老目标五年持有期混合发起式(FOF)Y,FOF-进取型,017676,False,,五年,广发,2022-12,45,12.0,0.05156085584005532,0.2009209622194433,-0.11967375562161742,0.18196635849336626,0.4308451387042587,0.895170580110556,-1.0734171241558277,-0.023982920736284163,-0.5786427505772382,-0.5722543318261697,0.8358137839290021,1.0083998520475084,36.0,0.07641756776195807,0.20497813092642206,-0.16651066042641705,0.29962985555763616,0.4589349869027026,0.8584383652209427,0.38079367405406145,-0.035094901278343804,-2.068731905533165,-1.1750471562099942,0.8231938861370209,0.9093585372257186,,,,,,,,,,,,,,45.0,0.04963369851641364,0.1868955028637702,-0.23193406172129583,0.1853104969660958,0.21399917781828914,0.8512571330357376,0.3797810761445085,-0.022531256147098833,-1.3945022603954293,-0.7126507403720314,0.8197026029032644,0.8564219188381317,,,,-0.11742012068453866,0.050212956736158,0.27662753468516477,0.00250794181574987,
019779,信澳颐宁养老目标一年持有期混合(FOF)Y,FOF-稳健型,017023,False,,一年,信澳,2022-12,45,12.0,0.007701368125396568,0.05314578267755053,-0.03360605260842797,-0.13733228690762075,0.22916610335440477,0.23449317659549435,1.08146378488128,-0.04687043351404274,-3.114314126271922,-3.046831698513135,0.2045215547617716,0.2798315434750544,36.0,0.037189919389187365,0.06409861653675977,-0.04654895666131609,0.3461840611873693,0.7989420613608204,0.26548589001977035,0.18512526591100426,-0.0034376327963028253,-0.4010417246439299,-0.23117650823122957,0.27096629856378024,0.2650472248025938,,,,,,,,,,,,,,45.0,0.028763239956976605,0.05783777104520389,-0.061889250814332164,0.23796283480944933,0.46475340351535943,0.2608645189260598,0.25975609205476274,-0.0013794367323579637,-0.17372397763797418,-0.0896539433180412,0.26033546561192433,0.22947532569054602,,,,-0.019159764494561027,0.033777596907111684,0.0977266017124303,-0.002868925945848866,
019811,华夏养老2055五年持有混合(FOF)Y,FOF-进取型,011745,False,2055.0,五年,华夏,2021-05,64,12.0,0.04305210918114155,0.32465605950169274,-0.22753060615108978,0.08640562330547011,0.18921458483942666,1.418690882628297,0.3931236499261923,-0.09848111684450778,-1.0190852666051968,-0.9722257412437857,1.2224459340142548,1.502090036482078,36.0,0.007567202649263471,0.23012319455323024,-0.22825161211826261,-0.032299209843522456,0.03315289902681048,0.8582273987070917,2.1745676577711786,-0.13834690347709,-2.0582525725015963,-1.1109566218791547,0.7636745300378494,1.0737951922996167,60.0,-0.04461377141854528,0.1954916555691073,-0.39945086157924636,-0.30494279280105385,-0.11168775864486258,0.8340240756545135,1.7077042287641793,-0.1009668690599117,-2.272852317305445,-0.9685089297149349,0.7631169222858915,0.9894061763959099,64.0,-0.03201150311329004,0.19050235113101616,-0.40569661763328,-0.2467764982121314,-0.0789050283436824,0.8323943211296488,1.8219865546836909,-0.10474676045790565,-2.5081073834997736,-1.032861175785412,0.7649016961519194,0.9898355281904095,,,-0.16060019361084188,-0.13689309191558074,-0.11290753607696402,0.27850579906612505,-0.009542884071630287,
019816,英大延福养老目标2040三年持有混合发起(FOF)Y,FOF-均衡型,016666,False,2040.0,三年,英大,2022-11,46,12.0,0.009262465373960804,0.13093921984954862,-0.07956015523932713,-0.04381830465029286,0.11642090624506855,0.5885049905082711,-0.39054296590506066,-0.05064155184340946,-2.430442396653297,-2.373500792530875,0.49805245211851035,0.7005893421647026,36.0,0.055175864636724636,0.13346226801522793,-0.0813180169286577,0.3010278877633086,0.6785195547148153,0.5583147251571964,0.41041720330013215,-0.02637482964279869,-1.8517922063408812,-1.0561461848178533,0.5156396784613365,0.5536225676703024,,,,,,,,,,,,,,46.0,0.04085421427520819,0.11983788672780613,-0.10897185301016432,0.21574324265190173,0.3749061170080087,0.5533850603202309,0.571277124361968,-0.02061418829166406,-1.556288354654719,-0.7873419659525849,0.5039333783911182,0.5031731608424225,,,,-0.0525948799681244,0.06024603091157599,0.17046806822689442,-0.012200288062356957,
019833,华夏福泽养老目标2035三年持有混合发起式(FOF)Y,FOF-均衡型,016079,False,2035.0,三年,华夏,2022-11,46,12.0,0.13370774381682726,0.14921445152194787,-0.08991633641567587,0.7955512526168862,1.4870239285407192,0.6457441314831697,7.036675981862305,-0.11040851483930647,-2.583090503495261,-2.449615501168782,0.6551677280946102,0.45161059459243874,36.0,0.04122115467192433,0.13365011354142065,-0.1881922787396494,0.1961925356973072,0.21903743845384252,0.5003362211170566,2.0978567042682186,-0.07899946453832196,-1.8871473636792389,-1.0495085793927732,0.4827650681681181,0.5576701785414973,,,,,,,,,,,,,,46.0,0.012733716125533423,0.1226283964577054,-0.2632965746072021,-0.01848090605382921,0.04836263496602705,0.5053278163244798,1.7399709735925357,-0.07397841201269739,-2.194691601364389,-1.082412245195285,0.4729801697009288,0.5830996635724925,,,,-0.13894442223110748,-0.02913861156257247,0.17218701422934402,0.07079465469754198,
019900,中欧预见积极养老目标五年持有混合发起(FOF)Y,FOF-进取型,017685,False,,五年,中欧,2022-12,45,12.0,0.017539463793535326,0.1091456321852621,-0.059729793789997654,0.02326674684722958,0.29364681644811713,0.4720559604604913,2.7785021442883897,-0.10093208874886517,-2.7378448090290144,-2.60875799776172,0.4110668553441474,0.5425400907484205,36.0,0.07433707098896658,0.2644513984134977,-0.16254452926208685,0.2243779815306055,0.45733357699849414,0.9955151277667512,-0.09116740739412617,-0.0322480485262121,-0.4762451689704114,-0.2708722133715057,0.8033341681623912,0.8435203874002823,,,,,,,,,,,,,,45.0,0.05406598427297693,0.2377657400312513,-0.19317513237889772,0.1643045136269094,0.27988066376437515,0.9748661628455517,0.19227791628928034,-0.01619884523206805,-0.2880116432000297,-0.14762108600480978,0.788982354283792,0.7604987329454,,,,-0.09474840255591088,0.11745891695158295,0.22108172127911563,-0.015276430649854844,
019904,东方红颐安稳健养老一年(FOF)Y,FOF-稳健型,017775,False,,一年,东方红,2023-05,40,12.0,-0.003713675610435674,0.02030411712414224,-0.013138415988156904,-0.9216690140239842,-0.2826577887154142,-0.021146946240657327,2.577374753296192,-0.06016081097291015,-4.27560646922398,-4.156391491932381,-0.025184766744333884,-0.02445348754437892,36.0,0.02216307783618232,0.016013280100222717,-0.013138415988156793,0.44732108545848115,1.6868911637567665,0.013043015593227418,0.5727225471708192,0.003165510431359486,0.36595273545454654,0.21158927709893804,0.03351429574789787,-0.04383605038601593,,,,,,,,,,,,,,40.0,0.021391074590127124,0.015430493199398555,-0.013138415988156904,0.4141847255002992,1.6281319307753117,0.013073504094265618,0.521028102899208,0.003625423518619497,0.4528131535058377,0.24842782558812562,0.033571154094809506,-0.04452000903351715,,,,,0.046559905100830745,0.010673467460092123,0.0028971962616819447,
019965,易方达养老2050五年持有混合(FOF)Y,FOF-均衡型,017696,False,2050.0,五年,易方达,2023-07,38,12.0,0.20299967917869788,0.3363893600143877,-0.20979316167159123,0.5588752247415226,0.9676181890831703,1.4216561381077346,4.163077570955697,-0.04651192776124169,-0.33511307855415545,-0.3279077166889705,1.3453465779784979,1.0918456689639429,36.0,0.14549120968697182,0.22387963488021587,-0.20979316167159123,0.5828632414770087,0.6934983415461499,0.7727329621620772,0.7916606809503175,0.032102253523940805,0.40249710889636375,0.2357814651555061,0.8919969522104282,0.7196133292744911,,,,,,,,,,,,,,38.0,0.13657637018676327,0.21804317991297661,-0.20979316167159134,0.5575793300908826,0.6510048711719161,0.7630319031286713,0.7330073653813614,0.04562415106232698,0.5979311109189757,0.3429779721989405,0.8919969522104282,0.6673470273939711,,,,,-0.018852542545602757,0.3884503531366845,0.12200777977259114,
019966,易方达汇裕积极养老五年持有混合(FOF)Y,FOF-进取型,017228,False,,五年,易方达,2023-07,38,12.0,0.22305401271834513,0.3590247358696833,-0.21741156973432074,0.579497711249242,1.0259528183845943,1.5161172601844595,3.722974952560666,-0.025255914955517378,-0.168330629305633,-0.1663730970840529,1.4644082106492997,1.17682243593325,36.0,0.15047240833511633,0.23941316924308184,-0.21741156973432074,0.5658519485933874,0.6921085594432496,0.8241906595423438,0.8522190352487985,0.0310049102468144,0.361822176734221,0.21185032987806846,0.9468666340822957,0.7732666971770427,,,,,,,,,,,,,,38.0,0.14122202259366579,0.2331593066210974,-0.21741156973432074,0.5413552837450606,0.6495607513723424,0.8136992844302899,0.7885074434142192,0.045646660325824984,0.5564951766587166,0.319213170376887,0.9468666340822957,0.7170263787422686,,,,,-0.024808575803981547,0.3933207705192625,0.14163348110301266,
020188,建信优享进取养老目标五年持有期混合发起(FOF)Y,FOF-进取型,016849,False,,五年,建信,2022-12,45,12.0,0.12985931907100645,0.1938804783775936,-0.10960394603220658,0.5924233323135876,1.1848051440853045,0.7277848564683775,6.289224033757734,-0.10083381882233167,-0.8786807404093532,-0.8372929059523604,0.955032487196141,0.9005883143353394,36.0,0.13414534811514423,0.18512250944420652,-0.10960394603220647,0.643602706515023,1.2239098405793385,0.6825094611237547,1.4489601167820427,0.005646228632051997,0.09603314697786244,0.055588100391556566,0.7712111204616225,0.6084391796000108,,,,,,,,,,,,,,45.0,0.08487631158234232,0.1702505309974137,-0.17684515195369033,0.41043226809908645,0.4799470646759291,0.6865319233493731,1.1959363263083,-0.003186716026176706,-0.06756752904080696,-0.034840730505525434,0.755139489135271,0.6274704218579997,,,,-0.11567610690067809,0.1105096977898059,0.25335093419983745,0.09965162440249542,
020189,建信添福悠享稳健养老目标一年持有债券(FOF)Y,FOF-稳健型,017706,False,,一年,建信,2023-06,39,12.0,0.02720960780634263,0.022636977171388538,-0.013272727272727325,0.5393656455940005,2.0500389443134774,0.026582091354254173,1.9837901880779376,-0.023259433254941175,-1.108184825091824,-1.0963207397646741,0.0772913974215118,0.007881865930544763,36.0,0.029246203885123334,0.017095582522578267,-0.013272727272727436,0.8333266132527666,2.203481114632553,0.03634934894242625,0.5297999626532892,0.008212080463950722,0.935567805941787,0.5421803781500029,0.07372620777903946,-0.0098988420491133,,,,,,,,,,,,,,39.0,0.02826016604702941,0.016458663733483887,-0.013272727272727436,0.8056648013321168,2.1291905925843815,0.03594349115925077,0.5264854893211774,0.008356073998544655,1.0305259579261163,0.5738189400804226,0.0732006550404061,-0.01390579753849675,,,,,0.031070651098357827,0.041842610364683175,0.008474576271186862,
020249,工银平衡养老三年持有混合发起(FOF)Y,FOF-均衡型,013059,False,,三年,工银,2021-12,57,12.0,-0.0185259363108351,0.13452001028954508,-0.1054920124775498,-0.249226388242707,-0.17561458802179628,0.5714295657579579,-0.06592317076813635,-0.0815129600598421,-1.5882720639344827,-1.5280231925299073,0.5079463809374508,0.8291471457561431,36.0,0.03224149956094524,0.13540397575133142,-0.12131073953540561,0.12733377631842327,0.26577613560368474,0.5502431463815707,0.2004558631532186,-0.040248754186728575,-1.8670057935204383,-1.057884113786894,0.5310008817565158,0.6744079825101938,,,,,,,,,,,,,,57.0,-0.004222779247310737,0.11767415229336457,-0.21700000000000041,-0.16335600361401265,-0.019459812199588613,0.5350390144156217,0.1287879944395992,-0.0193597628847626,-1.2431324452516996,-0.5653092362523896,0.5286610415566957,0.5910968227998752,,,-0.0782207048900494,-0.07679738562091509,0.02584070796460125,0.15942028985507273,-0.02767857142857122,
020275,浦银颐璇平衡养老目标三年混合(FOF)Y,FOF-均衡型,017453,False,,三年,浦银,2023-07,38,12.0,0.049350406580054074,0.11627384692399234,-0.06690379403794056,0.29542676611111673,0.7376324061990848,0.526744874263762,1.1844817621322468,-0.042848916719500085,-2.599423033004868,-2.54796908364218,0.49231962865181356,0.5377856182321721,36.0,0.04735382097445795,0.12007638068063388,-0.1022308636921817,0.26944367236142075,0.463204743305709,0.5032081373691681,0.1845736148381942,-0.021164816134765396,-2.3836364818075215,-1.3627917840412223,0.48650761260250497,0.5465854241141443,,,,,,,,,,,,,,38.0,0.037224471217430555,0.11780224966003099,-0.12270000000000003,0.18865914090408983,0.3033779235324413,0.5016399281884335,0.15883444034913943,-0.017701379010090945,-1.992698722777182,-1.1106856283649236,0.48650761260250497,0.535793936772948,,,,,0.0069794910340381655,0.1667732992109192,0.026046426613050455,
020316,工银养老2055五年持有混合发起(FOF)Y,FOF-进取型,009340,False,2055.0,五年,工银,2020-09,72,12.0,-0.01236263736263743,0.14957293759484547,-0.0844369305907765,-0.18293842323773676,-0.1464126807563972,0.6590006153282308,3.4280364854975844,-0.1584015925253085,-3.9018594278442236,-3.6097654983906122,0.5145434119924793,0.8059720614366166,36.0,0.05517823072603378,0.17576186275165723,-0.1390056022408963,0.22859470249700087,0.3969496900593263,0.7235926581516955,0.13243529435306456,-0.03466597184280851,-1.6214057835147244,-0.9211507261238522,0.6527721427503169,0.7482107553233532,60.0,-0.02187368503630205,0.16193109755573712,-0.3501013126596776,-0.22771219112876095,-0.062478157737057005,0.7535253026337624,-0.366712148126847,-0.02651215435209142,-1.5571841973109632,-0.6878907256925408,0.7040596825528366,0.853453673922108,72.0,0.0010969871440813517,0.15509719618947654,-0.3654739377257873,-0.08964064597875676,0.003001546843278368,0.7671904701603373,-0.28156807087928226,-0.02329997152434604,-1.480096098659257,-0.5977663909246249,0.7285779949418902,0.8680941771045074,,-0.023537803138373836,-0.16060993425858294,-0.13771347764603514,0.07089693452756407,0.2162798916244557,-0.025084745762711802,
020340,华泰柏瑞祥泰稳健养老目标偏债一年(FOF)Y,FOF-稳健型,018711,False,,一年,华泰柏瑞,2023-08,37,12.0,0.004632203075783048,0.02461039620425591,-0.018639752682306,-0.42127712362566655,0.24851204598761764,0.05388663346138977,2.159064947995555,-0.05222408625622443,-2.595907543567857,-2.533170073942568,0.058121584224370935,0.06983250006805201,36.0,0.027171600610002455,0.031685688360494735,-0.01863975268230611,0.384135590539287,1.4577232366283084,0.1112096438635423,0.34937609060480423,0.0016137079045082103,0.1408409189016505,0.08137466647838512,0.12177157499843165,0.07481295467081303,,,,,,,,,,,,,,37.0,0.026627311568498957,0.03125709980111416,-0.018639752682306,0.37198945655490734,1.4285227933187783,0.10984566274992026,0.34304916093969556,0.0032862246894942437,0.2927973790713239,0.16699758673638182,0.12177157499843165,0.06966843731783011,,,,,0.04968756299133292,0.04320691310609681,-0.0019328117809479517,
020756,南方养老目标2055五年持有混合发起(FOF)Y,FOF-进取型,017980,False,2055.0,五年,南方,2023-03,42,12.0,0.062382022471909604,0.2189580533908883,-0.1428571428571429,0.21639771517023065,0.43667415730336706,0.9766153121919686,-0.040611434212364114,-0.04456834745626026,-0.9432799595283181,-0.923852818543843,0.8782273573598571,1.015926001396376,36.0,0.0810111492525789,0.21221588945045208,-0.18864899529713564,0.3110565821603623,0.4294279390408656,0.8841321529257692,0.563196750412274,-0.03822737515189145,-1.5957279266453734,-0.9050384706024555,0.8288414583276555,0.8930325990267529,,,,,,,,,,,,,,42.0,0.0489078898815718,0.19867484533316687,-0.24279301745635928,0.17067027194464462,0.20143861793868403,0.8805319940826091,0.6617554722892028,-0.03165122171946366,-1.4708298531011346,-0.7747202631270605,0.8228936911178609,0.8468339212103065,,,,,0.031282707291545586,0.30807397383852075,0.018879310344827482,
020757,南方养老目标2060五年持有混合发起(FOF)Y,FOF-进取型,017497,False,2060.0,五年,南方,2023-01,44,12.0,0.06133645111970498,0.21199104703691538,-0.138751472320377,0.2185773963918208,0.4420598217370925,0.944125722780644,-0.7706383271521302,-0.02604927020717318,-0.5726514450960419,-0.5657818342515643,0.8428983074624325,0.9715535536825534,36.0,0.08038510945022237,0.21343793385034568,-0.18711263090403907,0.306342496250305,0.4296081406254609,0.8844064925280897,0.1671690922908898,-0.027202066830436467,-1.2330006130676439,-0.7029536806777136,0.8348642708486685,0.9046209840288073,,,,,,,,,,,,,,44.0,0.046198808326624485,0.1957806757747818,-0.25267708026328706,0.15935591295289192,0.1828373522382235,0.873091586067977,0.3820869954979134,-0.030013226356848777,-1.3402673619742804,-0.6902505223505114,0.7999103849982143,0.8527030227763479,,,,-0.13129999999999986,0.017727639000806095,0.31489650492025834,0.015139784946236468,
020778,太平福安稳健养老一年持有混合(FOF)Y,FOF-稳健型,019676,False,,一年,太平,2023-11,34,12.0,0.019265073135925626,0.01590118175375711,-0.00746268656716409,0.2682236579628983,2.581519800214065,0.02010886639940495,1.491848513821974,-0.018709807121609634,-1.3049071521917992,-1.2936789855013047,0.062400779458031116,0.017403810338745405,,,,,,,,,,,,,,,,,,,,,,,,,,,34.0,0.04823844021421997,0.05003420272471651,-0.03921759439470618,0.6643143770491308,1.2300203762811999,0.15717073009387802,-0.21578483074803068,0.03020795760155992,1.5849062581664002,0.9545409691641022,0.18349606749726027,0.09966545872053813,,,,,0.03592097385751325,0.07647852051627768,0.022548317823908315,
020795,易方达养老2055五年持有混合(FOF)Y,FOF-均衡型,018314,False,2055.0,五年,易方达,2023-11,34,12.0,0.30597852219907007,0.36478211928475135,-0.2213271573859631,0.7976775911319554,1.3824716578521226,1.579942972522174,4.225623498498904,0.02349724638063999,0.18030824713270743,0.1822419466417143,1.617171955199729,1.1278461263297626,,,,,,,,,,,,,,,,,,,,,,,,,,,34.0,0.18809761285699,0.24485120782865757,-0.2213271573859631,0.7069502102604311,0.8498623263342895,0.8148760421513878,1.2238508103889558,0.03245979357413242,0.34489407661066057,0.20792837679212225,0.9650962099089492,0.754913641437727,,,,,-0.021147424870990084,0.3914616497829231,0.21060842433697324,
021048,景顺长城养老2035三年持有混合(FOF)Y,FOF-均衡型,013904,False,2035.0,三年,景顺长城,2022-01,56,12.0,0.042013696094761466,0.10441901125058764,-0.05105755894590869,0.2587047681377987,0.8228692668067337,0.43910439739164087,3.3605434418877347,-0.0882179924429417,-2.0860185371610367,-2.0002677844976646,0.4740692139109708,0.5437897762993239,36.0,0.05769711326395277,0.1340805208585857,-0.13482555695670462,0.3184438201055713,0.42793899440356514,0.5386836783321961,-0.010362134663819569,-0.008892167607825407,-0.39266217861003533,-0.22577817646539458,0.5498121437688605,0.5974955992286547,,,,,,,,,,,,,,56.0,0.025755704386742018,0.1158184968656748,-0.17752247752247763,0.09286689672044685,0.14508418734456244,0.5102439595769737,0.09478466662928499,0.009220264263978484,0.48016901339414764,0.22321282964069622,0.5377799427536516,0.4940574014512296,,,-0.053200000000000025,-0.052598225602028204,0.023299888517280154,0.19392090641682036,0.02746600967241508,
021437,鑫元鑫选稳健养老目标一年持有偏债混合(FOF)Y,FOF-稳健型,018688,False,,一年,鑫元,2024-02,31,12.0,0.012771996215705128,0.03389715588939411,-0.01905829596412545,-0.06572833991042826,0.6701541543770024,-0.0791693570341138,2.09136168409849,-0.02556981228850974,-0.9029062387849407,-0.8922751438165115,-0.024189777700414382,-0.09203627789633044,,,,,,,,,,,,,,,,,,,,,,,,,,,31.0,0.026722087984597298,0.022518989659854056,-0.01905829596412556,0.5205423583232494,1.4021236754271054,-0.01931088749810965,0.34423482269792466,0.021257609810998,1.5391212857643386,0.9668911533759307,0.028078270107219333,-0.07934542145229488,,,,,,0.03283785096667646,0.006960775091713112,
021495,华夏养老2060五年持有混合发起式(FOF)Y,FOF-进取型,021123,False,2060.0,五年,华夏,2024-03,30,12.0,0.04118453105968278,0.32573232756834664,-0.2291870117187501,0.08038665138076793,0.17969836401646935,1.423362998148269,0.42317766160049164,-0.10090945825632747,-1.041221487228289,-0.9921400980932485,1.2278577957803687,1.5159980166293565,,,,,,,,,,,,,,,,,,,,,,,,,,,30.0,0.13343426774355804,0.22455084493425884,-0.2291870117187501,0.5274273974708567,0.5822069354754871,0.8153157848282424,2.2597906730422594,-0.072280828138642,-0.8776915035194276,-0.5364619785200158,0.8298759673437665,0.8937147485064681,,,,,,0.34520468402206617,-0.016043165467626075,
021496,广发养老目标2045三年持有混合发起式(FOF)Y,FOF-均衡型,016649,False,2045.0,三年,广发,2023-05,40,12.0,0.06929336188436808,0.10732883791667104,-0.04706808343171964,0.5058599621335774,1.4721942520750824,0.4550356092723847,3.450725612918955,-0.06782661733049189,-1.6231270650610345,-1.5720287497287704,0.510089584010125,0.4913626326272077,36.0,0.08625453110641357,0.18199018208548748,-0.13244353182751567,0.3915295335708972,0.651255141842222,0.7322292922851119,0.4268189831540916,-0.015288222975756938,-0.44919779723664405,-0.2575221609362109,0.6714492433185506,0.6461920124300713,,,,,,,,,,,,,,40.0,0.06882382982868962,0.17372962559773295,-0.15719130261320569,0.3098137674763514,0.43783484635941755,0.728818326394077,0.5219403431304811,-0.011158495290153891,-0.35828993882059856,-0.19523779810749134,0.6665425740871253,0.6158908913858544,,,,,0.07723443824526832,0.2177312887173759,0.04111416896005338,
021498,易方达汇悦平衡养老三年持有混合(FOF)Y,FOF-均衡型,019661,False,,三年,易方达,2024-01,32,12.0,0.0673187571921754,0.13085989653658311,-0.08017492711370267,0.39980741676308135,0.8396484987969508,0.5922627028319936,0.4706684716684191,-0.01658187283419532,-0.9481358782379198,-0.9409082670763314,0.5837995361281125,0.6020036805617264,,,,,,,,,,,,,,,,,,,,,,,,,,,32.0,0.10291167173844751,0.13378768843434705,-0.08017492711370267,0.6570983680728437,1.2835892147740902,0.49762734273291453,-0.10962067399188558,0.02016638409204674,0.6597591781681674,0.40773918467548725,0.538333231715021,0.4973616349680187,,,,,0.05059999999999998,0.1937940224633541,0.03532132036357827,
021504,易方达养老2045五年持有混合(FOF)Y,FOF-均衡型,018513,False,2045.0,五年,易方达,2024-01,32,12.0,0.23723005817196552,0.322264290489004,-0.20197966827180303,0.6895894603611015,1.1745244469494138,1.4006623245096084,4.218231411617354,-0.021635118861239477,-0.1976558372995285,-0.195688122710622,1.3764454292050528,1.0401903616463872,,,,,,,,,,,,,,,,,,,,,,,,,,,32.0,0.17936257798022903,0.2238424401493352,-0.20197966827180303,0.734277994247094,0.888022935748472,0.7019053475982674,0.8231574917689344,0.03914812595163153,0.42183292306426384,0.26292170544379795,0.8487222656567557,0.6841933840475068,,,,,-0.019399999999999973,0.3676320620028539,0.15770636045037656,
021598,建信普泽养老目标日期2050五年持有期混合发起(FOF)Y,FOF-均衡型,014366,False,2050.0,五年,建信,2022-05,52,12.0,0.03705342329388306,0.1402631732228481,-0.07715736040609134,0.15722889185491976,0.4802318676904583,0.606706151900501,1.7943467190063145,-0.07504664578562581,-1.5483255399918436,-1.4943186757461941,0.5996002018716352,0.7408315216450051,36.0,0.019009627913362248,0.10589880589152832,-0.12222096828800344,0.03786282460511682,0.15553491499566308,0.3779075193228625,1.119495597801869,-0.05932689329604712,-1.6495188927895619,-0.926168411900664,0.3972707516489446,0.5310697249543872,,,,,,,,,,,,,,52.0,-0.014758894697328495,0.09792463474797586,-0.2252216356210779,-0.3038958968181765,-0.06553053687150849,0.3815923874667287,0.7055425424767837,-0.06251095812194452,-2.251415890778852,-1.0501968868649405,0.38058086606159247,0.5796093904020273,,,,-0.11057225994180409,-0.000969344480794665,0.13195876288659747,0.0046073074038357476,
021600,富国鑫汇养老目标日期2035三年持有期混合发起式(FOF)Y,FOF-稳健型,016964,False,2035.0,三年,富国,2023-05,40,12.0,0.04113065546512629,0.06183859234296136,-0.03584347254192699,0.42256226209360914,1.1475075529307253,0.2741548822098371,0.6037492761407801,-0.008656633819783766,-0.5252099501023826,-0.5231228433693368,0.2948210853569359,0.2829094065288894,36.0,0.05936231745948506,0.08540530452644904,-0.052372997936523724,0.5194328116439952,1.1334527294280998,0.350663365012518,0.1572791340467955,0.008428961005769287,0.6851943966414372,0.39712315336259285,0.3606129461161305,0.3086589585417097,,,,,,,,,,,,,,40.0,0.05349199141614447,0.08150524819701446,-0.06065994862675361,0.47226396174025065,0.8818337738016518,0.34727699272659107,0.23385645413657496,0.01227260350385806,0.9867348608696935,0.5434902858472455,0.35529683043034205,0.2733956010240109,,,,,0.05729324830448412,0.1196744853997127,0.017272338606241666,
021612,国投瑞银平衡养老目标三年持有期混合发起式(FOF)Y,FOF-均衡型,017748,False,,三年,国投瑞银,2023-04,41,12.0,0.016700360376197487,0.1427657638034367,-0.09784894064370042,0.011910140995278004,0.17067492265459358,0.6362163195295101,-0.16811452948052838,-0.05317897015733819,-1.7200807261882187,-1.6777423745478512,0.5382568643825589,0.7258801049561852,36.0,0.06266469390995999,0.1295125350557093,-0.10032161012553187,0.3680315105364682,0.6246380399153084,0.5359183675398278,0.7175203016002706,-0.02568355652340215,-1.2381830275916774,-0.7064106413836594,0.5201657501028137,0.5307386272980922,,,,,,,,,,,,,,41.0,0.04352685471346529,0.1229317717763804,-0.13280000000000014,0.23205436886858832,0.32776246019175637,0.5366376526422041,0.8400356942712071,-0.02621968588682444,-1.4117201345007366,-0.7545209041826167,0.5196548445526344,0.5102653950698699,,,,,0.0350877192982455,0.2107725902048463,-0.006612847818618817,
021898,易方达汇享稳健养老一年持有混合(FOF)Y,FOF-稳健型,018834,False,,一年,易方达,2024-03,30,12.0,0.03918931037575124,0.058909939639404635,-0.03372781065088748,0.410615093544776,1.1619286760529786,0.2640348824789279,0.7147197364043149,-0.011947807923825993,-0.9383098671057052,-0.9331604572967807,0.27642894308955884,0.2628146826543029,,,,,,,,,,,,,,,,,,,,,,,,,,,30.0,0.06072644064870203,0.04985970949265842,-0.03372781065088759,0.9171020271474908,1.8004856964264278,0.2112821900050319,0.5813966967777083,0.0016523805128891844,0.1648419918477258,0.10433416288546485,0.24047220900881194,0.1749346064594402,,,,,,0.08896763072208369,0.01908363380529421,
021956,平安养老目标日期2040三年持有混合(FOF)Y,FOF-均衡型,017755,False,2040.0,三年,平安,2023-06,39,12.0,-0.002850233200898611,0.16588476450172754,-0.11099417098445596,-0.10760622444451622,-0.025679125089350576,0.7375219999891016,2.7101822486240246,-0.14215236379925,-3.5518135501350225,-3.313997685055478,0.5900883812698383,0.8723379927965708,36.0,0.05112561878474242,0.12424657763902344,-0.11099417098445585,0.2907574556274624,0.46061534881775273,0.46319659729972756,0.3278125011332171,-0.01571575335883968,-0.445604145586667,-0.25541124604605336,0.5047602495638855,0.5567608799833416,,,,,,,,,,,,,,39.0,0.045196951928969,0.11943660493810192,-0.11099417098445596,0.25282828446621186,0.4072011307269329,0.4569904258149134,0.291884924330417,-0.009554854885609698,-0.2897962474798841,-0.16004484102719585,0.49744544506333216,0.5221526888058913,,,,,-0.014491274619859107,0.21611266438852694,-0.016944822888283695,
021993,财通资管康恒平衡养老目标三年持有混合发起式(FOF)Y,FOF-均衡型,018673,False,,三年,财通资管,2023-09,36,12.0,-0.007338974270419962,0.24228110818688248,-0.17264455974133397,-0.09220270799318324,-0.042509154539335826,1.0849757198393837,5.299752165213147,-0.22248490301712154,-4.6383536174703,-4.1439020407000235,0.8294311984149975,1.197606930873091,36.0,0.04759844180905448,0.20008918714020907,-0.17264455974133397,0.16291955739823002,0.2757019501823238,0.8217365667428461,0.9227602930092134,-0.07177015770545181,-2.1900255024546986,-1.2222601798152255,0.7180696906041933,0.8617392758458297,,,,,,,,,,,,,,36.0,0.04759844180905448,0.20008918714020907,-0.17264455974133397,0.16291955739823002,0.2757019501823238,0.8217365667428461,0.9227602930092134,-0.07177015770545181,-2.1900255024546986,-1.2222601798152255,0.7180696906041933,0.8617392758458297,,,,,-0.004938779709846686,0.23989246199979353,-0.04119756484029724,
021994,财通资管康泽稳健养老目标一年持有混合(FOF)Y,FOF-稳健型,019622,False,,一年,财通资管,2024-06,27,12.0,0.03693979176097728,0.11459269978547015,-0.07680859859446065,0.19145889574162167,0.48093302620992406,0.5176846165922221,2.5966780768400124,-0.08460808691905175,-4.584365446846547,-4.403752462261951,0.43870216351785984,0.5044467102114616,,,,,,,,,,,,,,,,,,,,,,,,,,,27.0,0.06215118531667074,0.08808015004277628,-0.07680859859446054,0.5353213555355172,0.8091696301454601,0.326035677993486,1.5540093437750342,-0.04523419397743711,-1.4440057131226893,-0.9425452630201,0.31013952175232057,0.31573618021615907,,,,,,0.09986279890239169,0.02049362915441444,
022046,广发养老目标2060五年持有混合发起式(FOF)Y,FOF-进取型,018837,False,2060.0,五年,广发,2023-07,38,12.0,0.012992455993293905,0.17974968090144297,-0.1087490406753645,-0.011168553939224146,0.1194719136151162,0.811903384675639,-0.3702116508652471,-0.06891845765473492,-3.1302849745002863,-3.0301319551592973,0.7050970655598439,0.976463217877075,36.0,0.07610543532296377,0.20567781690437378,-0.1514745308310993,0.29709297892525593,0.5024305730170879,0.853953112459128,0.03039669636792065,-0.024753858910111393,-1.4095645936232493,-0.8045375868197211,0.8084467510956735,0.8876512330702694,,,,,,,,,,,,,,38.0,0.06162864404667845,0.2017236992143467,-0.1841165972635337,0.23115104585273336,0.3347261733197623,0.8496015997756555,-0.03798731316489944,-0.015408908162654389,-0.8430792032327681,-0.470414272238367,0.8084467510956735,0.8603680181037279,,,,,0.06260278478237069,0.2717705323978543,-0.019552166152847605,
022272,景顺长城保守养老一年持有混合(FOF)Y,FOF-稳健型,019665,False,,一年,景顺长城,2024-03,30,12.0,0.0241491841491841,0.016051700743184728,-0.006577745295085147,0.5699822277753767,3.671346801346691,0.03228014489115217,1.4277713366774878,-0.014088954953202504,-1.031146092301035,-1.024470471957897,0.07281458431169804,0.013768557563917882,,,,,,,,,,,,,,,,,,,,,,,,,,,30.0,0.038255426593847286,0.013914414208625554,-0.006577745295085036,1.6713191259917526,5.815887493003441,0.0432678219537348,0.4902197109677878,0.015057774386526113,2.2720549988435224,1.446864237041982,0.08116800623451302,-0.030600605977627083,,,,,,0.03783005280844964,0.016190211860486414,
022278,富国鑫旺积极养老目标五年持有期混合发起式(FOF)Y,FOF-进取型,018270,False,,五年,富国,2023-08,37,12.0,0.009251101321585464,0.18862967985158371,-0.1296515762028918,-0.030477169250023875,0.07135355845661616,0.8515337407901955,-0.5279251712978905,-0.07214546509022302,-3.101750273308903,-2.9977991678664018,0.7008178751978557,0.9777451040200212,36.0,0.04639097928667146,0.16890252460724223,-0.1296515762028917,0.18585263517917527,0.3578126903299212,0.6875107330424814,-0.14481927570727765,-0.030380010023423498,-1.3779374912314013,-0.7844134672741349,0.6592531548851338,0.7977010448855915,,,,,,,,,,,,,,37.0,0.04504151597788675,0.16656583606709077,-0.1296515762028918,0.18035820962581053,0.3474043069665521,0.6769959860879382,-0.19359272554716989,-0.017800206569898447,-0.7457859451285731,-0.4212449216138844,0.6592531548851338,0.7520262199044623,,,,,-0.04125496587552202,0.22481937951551179,-0.006332408049965488,
023102,招商和惠养老目标日期2045五年持有期混合发起式(FOF)Y,FOF-均衡型,016660,False,2045.0,五年,招商,2023-03,42,12.0,0.04880787836903955,0.15646229263305333,-0.09580472921434025,0.21607684382030773,0.5094516603647358,0.7030067700978359,0.18162750356121063,-0.038001194971059804,-1.3636331352411581,-1.3397163104362508,0.651954925488719,0.7657281438882219,36.0,0.0914018725254171,0.15799985088992852,-0.12249705535924604,0.48355661157327856,0.7461556709046077,0.6466931549987908,-0.04549166424554381,0.01234788608332793,0.6191485521771258,0.35948415833758446,0.6988877299326901,0.6822653023838906,,,,,,,,,,,,,,42.0,0.056994439427377586,0.1502018067265948,-0.19045737429615717,0.279586779563964,0.29925036842497077,0.6475059729941124,-0.20624214063483057,0.016652280390505814,0.8992363430214139,0.48431965899412965,0.701652459285789,0.6795054729750756,,,,,0.030139451192082944,0.3163755458515285,0.006883396914911133,
023150,鹏扬平衡养老目标三年持有混合发起式(FOF)Y,FOF-均衡型,019707,False,,三年,鹏扬,2023-12,33,12.0,-0.01713330547429992,0.08317024729352436,-0.08499367488931053,-0.38635577649414804,-0.2015833001292516,0.30710059912420756,2.949346537849477,-0.11805132071770441,-2.35350771992353,-2.223279281887979,0.2651301466973662,0.46888733458568693,,,,,,,,,,,,,,,,,,,,,,,,,,,33.0,0.06072465240894509,0.11648258233446375,-0.08499367488931053,0.3925449753307583,0.7144608406217096,0.40238665642920884,-0.010169173489883412,-0.0009297653407803752,-0.02472023981557221,-0.014900511975088309,0.37023094015702745,0.35251820833483744,,,,,0.058670923967272026,0.1537229029217717,-0.03929417531247448,
023157,汇丰晋信养老目标日期2036一年持有期混合(FOF)Y,FOF-稳健型,020230,False,2036.0,一年,汇丰晋信,2024-06,27,12.0,-0.004664614236402742,0.029859301097541487,-0.02963504984908083,-0.6585758377988914,-0.15740193656355267,0.11533609282140189,1.1986789701850626,-0.04702515217191672,-2.823258183087193,-2.7618787693063993,0.08758648342266771,0.15330469866614196,,,,,,,,,,,,,,,,,,,,,,,,,,,27.0,0.029199173899462805,0.031406984512337664,-0.02963504984908072,0.4521024262576026,0.985291877292677,0.09802297295528936,0.20106271985078014,0.003237167484969161,0.22211087499307297,0.14829348599010572,0.1247799844300949,0.11012440120882332,,,,,,0.07111727416798774,-0.013408544479378559,
023428,南方养老目标2050五年持有混合发起(FOF)Y,FOF-进取型,015270,False,2050.0,五年,南方,2022-03,54,12.0,0.035675887010067964,0.13513268424551328,-0.09470852017937215,0.15300433885042472,0.3766914206081989,0.587058297516103,-0.5696420025791132,-0.02072479291111584,-0.48221176690060424,-0.4776139832242665,0.4858317066054264,0.5723491107470338,36.0,0.04302814288560919,0.17218009323765104,-0.14403512529449558,0.1627838756419038,0.29873367900804365,0.7086301839156695,0.8159568655303716,-0.0638877761865505,-2.2996438653990467,-1.288359032399748,0.5813180543681442,0.6875114390761495,,,,,,,,,,,,,,54.0,0.012947880175882664,0.15082881430904588,-0.2284749034749035,-0.013605621933171028,0.056670907740660914,0.653291632555465,0.07525043879551031,-0.014444255685576723,-0.5352836928788309,-0.25066023390790737,0.5828176272451746,0.6179585990897235,,,,-0.09658031088082897,0.06400550584996556,0.1266709788702025,0.013874270404746314,
023459,交银安悦平衡养老三年持有期混合发起(FOF)Y,FOF-均衡型,010910,False,,三年,交银,2024-02,31,12.0,0.04917210235825342,0.20852010525267453,-0.1490311892242311,0.1638791727869374,0.32994504448508083,0.9281109260697281,2.508337730932036,-0.10823581393005888,-2.17034647213816,-2.060453337057236,0.7676691546886989,0.9043112731970576,,,,,,,,,,,,,,,,,,,,,,,,,,,31.0,0.09176980118861944,0.1614231240999633,-0.1490311892242312,0.475581188362324,0.6157758095222825,0.6248493450954591,1.1755076898719696,-0.0761121466393837,-1.7002191118528074,-1.020397631026565,0.5476324800349097,0.6891691860775617,,,,,,0.21131889763779488,0.019419842366132922,
023706,华泰紫金稳健养老目标一年持有(FOF)Y,FOF-稳健型,019608,False,,一年,华泰紫金,2023-11,34,12.0,0.028332260141661347,0.042111855867389525,-0.02225769264875399,0.31659160744766773,1.2729199108267595,0.09561301310245135,4.056722407821174,-0.07734282128092063,-2.4042564804036415,-2.3177898973672733,0.1298477120178207,0.08240927077886767,,,,,,,,,,,,,,,,,,,,,,,,,,,34.0,0.04011987780759774,0.03692703192042452,-0.02225769264875399,0.6802571585425421,1.8025173786306052,0.12490196492534654,0.5269211464698873,0.002981453866220951,0.204546095813222,0.12168445423624956,0.15101755674046216,0.08095846558946306,,,,,0.03012468827930115,0.07330299215648362,0.008570913027787563,
023712,前海开源康颐平衡养老三年(FOF)Y,FOF-均衡型,007638,False,,三年,前海开源,2019-11,82,12.0,-0.017521902377972465,0.13245679317400252,-0.11633641567591368,-0.24552838400103727,-0.1506140813791653,0.47965693679962845,0.5352831679258678,-0.0827792212247751,-0.9664993285921786,-0.9292578651253531,0.46653043615785705,0.7621694754633738,36.0,0.03636515238620963,0.12914119520158948,-0.11747382198952872,0.16544025593737627,0.30955962588372343,0.48770085816532455,0.0970889346686844,-0.025701089129938848,-0.7662275861502759,-0.4371460965639043,0.4964214721912617,0.604068686821965,60.0,-0.019012553053442405,0.11645434046181885,-0.279711564141369,-0.2920677144240397,-0.06797199505070614,0.5030826636417688,0.198130806304127,-0.03617559420830785,-1.498490905466048,-0.6589602514955896,0.49467731183881586,0.6236255717061808,82.0,0.0029740777127669205,0.11374367677525205,-0.29704604691572556,-0.10572827104046664,0.010012177383430021,0.4920597462002126,-0.18980832493345304,-0.03838731707792553,-1.9602001465421093,-0.7365802411884604,0.4573445288414208,0.6552257645467644,0.11210937499999996,-0.01773796979276454,-0.12739138208474898,-0.09210121913738367,-0.02482509591514348,0.2111779680629482,-0.02503104996656158,
023714,东方养老目标2050五年持有混合发起(FOF)Y,FOF-进取型,018687,False,2050.0,五年,东方,2023-11,34,12.0,0.07033465683494078,0.17222452284677492,-0.10720809329773784,0.3212937154377895,0.6560573429806991,0.782981144608703,1.353209081484236,-0.052936471923507034,-3.0128733708515747,-2.9390555562550955,0.7192896980990995,0.7756933339052872,,,,,,,,,,,,,,,,,,,,,,,,,,,34.0,0.10321454463521884,0.13542557192030216,-0.10720809329773784,0.6513876469883622,0.9627495598543281,0.5231777038072484,0.648718719082637,0.0019387547337181843,0.058589937082921865,0.03483852843048954,0.5668172950593263,0.49671658656779427,,,,,0.033273381294964155,0.23189246687941245,0.03689457571237931,
023717,中泰福瑞稳健养老一年持有混合发起(FOF)Y,FOF-稳健型,019733,False,,一年,中泰,2024-03,30,12.0,0.008189179241810951,0.031221236118561837,-0.028359277151547513,-0.21814705645622526,0.28876544342259736,0.11179948420141454,1.0044486419917604,-0.029706805804208924,-1.4232868732429385,-1.4038024240701477,0.12104052127092078,0.1520298465705078,,,,,,,,,,,,,,,,,,,,,,,,,,,30.0,0.0372338098371956,0.031132333401724496,-0.028359277151547513,0.7141710051185567,1.3129322598112771,0.10799996511687716,0.2321872939975594,0.009018972333361575,0.7132286034330293,0.4529470026749383,0.13444965853914223,0.080396058005391,,,,,,0.06894536955886599,-0.0018219914366400802,
024311,工银养老目标2060五年持有混合发起(FOF)Y,FOF-进取型,013060,False,2060.0,五年,工银,2022-01,56,12.0,0.025391741965000714,0.14602497318952146,-0.08849557522123896,0.07116414225608919,0.28692668420450795,0.6528990119107657,3.1815483178347734,-0.12022663570860914,-3.7970321557804474,-3.582963302693213,0.5538408174154028,0.7135750361776015,36.0,0.02540637572111648,0.18802685207537667,-0.19831629585087174,0.055345157387120154,0.12811037848458687,0.7672568729176522,-0.014972805458762443,-0.06119416482103379,-2.462751833407496,-1.3815361146938105,0.6567231996205403,0.8704337521212258,,,,,,,,,,,,,,56.0,-0.02314027182253453,0.17036660335388207,-0.3333999999999997,-0.22387176284374424,-0.06940693408078749,0.765023802070685,-0.42829376475536535,-0.02671486170470916,-1.3787347180273084,-0.6303772617145347,0.7136487355156843,0.8644565178421391,,,-0.1056999999999998,-0.12657944761265794,-0.050825758545640864,0.2222821688697063,-0.010704038843522445,
024312,易方达汇享保守养老一年持有混合(FOF)Y,FOF-稳健型,023006,False,,一年,易方达,2025-02,19,12.0,0.028906780483073158,0.026165695151478686,-0.011202108632213048,0.5314890509334415,2.5804767148881362,0.10851868998104344,0.7419120388499584,-0.003207755023250325,-0.2675069043416228,-0.2671133819057307,0.14126495300007771,0.09985125914038923,,,,,,,,,,,,,,,,,,,,,,,,,,,19.0,0.03791963460753345,0.023245713738771902,-0.011202108632213159,0.9859725050861923,3.385044356603584,0.10680734125928606,0.47411057418881775,0.004547716175475003,0.5521549449305442,0.4397221438065455,0.12832065722859048,0.09138273288699238,,,,,,,0.013569039655996207,
025072,安信平衡养老目标三年持有期混合发起(FOF)Y,FOF-均衡型,018825,False,,三年,安信,2024-05,28,12.0,0.031258254820815345,0.14081740726770034,-0.10320057466677313,0.11545628581207762,0.30288837946635366,0.6171569714159094,0.5177502691111495,-0.052871345205286024,-1.2597429081706828,-1.2289165475397343,0.5094439473220418,0.6232019266198325,,,,,,,,,,,,,,,,,,,,,,,,,,,28.0,0.07007277063060635,0.1307626287252499,-0.10320057466677302,0.4211659796647385,0.6789959344399594,0.5192221889666068,0.300439393401501,-0.031840625190506455,-1.3172660508943776,-0.8496946768855277,0.481300760386929,0.5615649072050058,,,,,,0.1444422623723487,0.004890604890604777,
025394,南方康乐养老目标日期2045三年持有混合发起(FOF)Y,FOF-均衡型,018514,False,2045.0,三年,南方,2023-09,36,12.0,0.07653103164817132,0.17848463454872066,-0.11029516612006274,0.34474133755965025,0.6938747575289276,0.8091507469764617,-0.18675115839407078,-0.014280535463755628,-0.8698023332861312,-0.8640944785945582,0.7608399065490034,0.8119045694986596,36.0,0.09407280267980456,0.14701065035288308,-0.11029516612006274,0.5378712527969837,0.8529186363199346,0.6038385594273202,0.38280013755125053,0.006258035702000342,0.2817531906627034,0.16313633660961685,0.6174739448073923,0.5474647268643683,,,,,,,,,,,,,,36.0,0.09407280267980456,0.14701065035288308,-0.11029516612006274,0.5378712527969837,0.8529186363199346,0.6038385594273202,0.38280013755125053,0.006258035702000342,0.2817531906627034,0.16313633660961685,0.6174739448073923,0.5474647268643683,,,,,0.03872483907223856,0.24522919535707288,0.03452089422545224,
026101,前海开源康悦稳健养老一年持有混合(FOF)Y,FOF-稳健型,023160,False,,一年,前海开源,2025-04,17,12.0,0.05268379799583256,0.054968685199559705,-0.0302835051546394,0.6855502884783281,1.7396862657347132,0.1257159287488689,2.656753789380169,-0.026631119167812578,-0.5300068920350806,-0.5235061372855855,0.2375465509979266,0.15004860568480985,,,,,,,,,,,,,,,,,,,,,,,,,,,17.0,0.04268238267455393,0.04617023461157476,-0.030283505154639068,0.5995720599525398,1.409426764061871,0.1049261798041384,1.3289145800692541,-0.011946862724474205,-0.331025415249661,-0.2765908031016162,0.16168962039172366,0.14144433191980185,,,,,,,0.02730441518202964,
026545,中银养老目标日期2050五年持有混合发起(FOF)Y,FOF-均衡型,014006,False,2050.0,五年,中银,2022-03,54,12.0,0.008072124960687654,0.14512442285168578,-0.09383904883560978,-0.047737485553293074,0.08602095887425988,0.65039421941087,-1.2456062449781276,-0.03841702506376754,-1.7487103860303608,-1.717701654108801,0.5390186244594779,0.7612074026000736,36.0,0.019189748858282618,0.14857938073001006,-0.15303313883078284,0.02819872338743954,0.12539603516531003,0.6153359851832364,0.02861089779128595,-0.05433597568011517,-3.8799121093697786,-2.1837189596998017,0.5502647987362779,0.753774284409265,,,,,,,,,,,,,,54.0,-0.008663743851624717,0.1277845814256203,-0.24019753086419737,-0.18518465676861567,-0.0360692460928044,0.5520794271364511,-0.6593244627811896,-0.01182210073001111,-0.6190960930793716,-0.2902599518704334,0.5177592498220178,0.6389189199087165,,,,-0.12289806933776226,-0.005088757396449983,0.1540383014154869,-0.008864151721294289,
026587,光大安选平衡养老目标三年持有混合(FOF)Y,FOF-均衡型,022376,False,,三年,光大,2024-12,21,12.0,0.056492707784220775,0.23497101134094459,-0.1423867710543646,0.17658649697861906,0.3967553120693448,1.0109550121758855,-2.3495427480554323,0.002235004379486094,0.0281082351227187,0.02813701694607275,0.9186002693455122,1.0887548476027906,,,,,,,,,,,,,,,,,,,,,,,,,,,21.0,0.111124965544523,0.19544632529465952,-0.1423867710543646,0.49182283370947355,0.7804444522595042,0.9602943481692051,0.8166385477762246,-0.09005943611954081,-1.9731383057284286,-1.4289362382137218,0.7858240439901344,1.0330450406766924,,,,,,0.1849651782056536,0.039325842696628976,
027108,国泰民享稳健养老目标一年持有期混合发起式(FOF)Y,FOF-稳健型,014898,False,,一年,国泰,2023-01,44,12.0,0.002520424126542853,0.11533628611343302,-0.12090132090132077,-0.108201644894162,0.020846952769027347,0.18405854466625715,4.118823724311726,-0.1079212887158717,-0.9664169185699618,-0.917628686766226,0.27886564839409544,0.3965768717055689,36.0,0.05159836660044648,0.09228098934632645,-0.12090132090132077,0.39659703325345197,0.4267808342851844,0.2584119212653174,-0.2525860354856945,0.026892887519346154,0.6618884144803728,0.38682912529082136,0.334220886797022,0.2960828301413632,,,,,,,,,,,,,,44.0,0.03971399690190669,0.08371361654272262,-0.12090132090132089,0.29522075287828575,0.3284827378711691,0.254524139373529,-0.1281265281508229,0.022718711609224895,0.6846060922756648,0.36123157562250546,0.3193694981803818,0.26344845628791885,,,,-0.018899999999999917,0.04607073692793828,0.18250024359349148,-0.04952208305866834,
027139,国寿安保严选稳健养老一年持有混合(FOF)Y,FOF-稳健型,025095,False,,一年,国寿安保,2025-10,11,,,,,,,,,,,,,,,,,,,,,,,,,,,,,,,,,,,,,,,,,,,,,,,,,,,,,,,,,,,-0.02125757425250807,
027153,富达任远保守养老目标一年持有混合(FOF)Y,FOF-稳健型,025325,False,,一年,富达,2025-12,9,,,,,,,,,,,,,,,,,,,,,,,,,,,,,,,,,,,,,,,,,,,,,,,,,,,,,,,,,,,0.010286627384400227,
027260,财通颐享稳健养老一年持有期混合发起(FOF)Y,FOF-稳健型,021166,False,,一年,财通,2024-09,24,12.0,0.016275198816349423,0.04910680537380199,-0.026249323471044694,0.02596786344871316,0.6200235535328137,0.12608385893453547,5.6127344316550705,-0.12495169012843987,-4.167694435595152,-3.923262074167884,0.10547492727040123,0.09218659699126286,,,,,,,,,,,,,,,,,,,,,,,,,,,24.0,0.04833200847823016,0.039228616223705694,-0.026249323471044694,0.8496860630553612,1.8412668247067245,0.058532637553389964,1.7482045409084184,-0.009223137914405433,-0.3891938427254302,-0.2740363071683615,0.09274933011176446,-0.02659614440274324,,,,,,0.06359393232205357,0.004754068385444787,
027712,汇添富养老目标日期2060五年持有混合发起式(FOF)Y,FOF-均衡型,024276,False,2060.0,五年,汇添富,2025-07,14,12.0,0.0844336990887109,0.22999720247386823,-0.15440215301807014,0.3018893201390126,0.5468427572951614,1.0295864916285236,2.4837005510575487,-0.08573142849689697,-1.7436619555500235,-1.674038601432482,0.9082448937830856,0.9668109458917904,,,,,,,,,,,,,,,,,,,,,,,,,,,14.0,0.1408644087933355,0.21992818232034794,-0.15440215301807003,0.5722977722336698,0.912321532050462,0.9420837144919455,6.563030544668547,-0.1974359923775898,-3.4984824168663966,-2.9342364028891867,0.7457436099762264,0.9668109458917904,,,,,,,0.05195742377773738,
027733,广发养老目标2055五年持有混合发起式(FOF)Y,FOF-均衡型,023005,False,2055.0,五年,广发,2025-06,15,12.0,0.046903820816864394,0.21542563514264948,-0.12688775897396976,0.14809667751815367,0.3696481141769272,0.9615658385668415,-0.697370814546271,-0.0428782041410809,-0.9845843302753232,-0.9650816728265009,0.847660513540833,1.0338891365675265,,,,,,,,,,,,,,,,,,,,,,,,,,,15.0,0.15077880856982517,0.2116830502797256,-0.12688775897396976,0.6414250380009272,1.1882849046199682,0.9251782646649291,0.8468708285452566,-0.11053782939209233,-2.6403503936752695,-2.23942504797246,0.7606459017001677,1.0338891365675265,,,,,,,0.010941475826972136,
028545,中信建投民享稳健养老目标一年持有混合发起式(FOF)Y,FOF-稳健型,018979,False,,一年,中信建投,2023-12,33,12.0,0.041595235946945586,0.05794804825900313,-0.02732845223906022,0.45894964103150104,1.5220487272050494,0.2450084319403317,1.0027150524900261,-0.013962531038056225,-0.5759690841019407,-0.5722738160770424,0.2895326864720321,0.2737793177580557,,,,,,,,,,,,,,,,,,,,,,,,,,,33.0,0.053598211562816855,0.0524273225280803,-0.027328452239060108,0.7362232077013562,1.9612604143827002,0.19943224734995033,0.39974266903614214,0.007641396505438047,0.5445927214582964,0.32955035026575785,0.23546654467079775,0.1713163762939755,,,,,0.03010301030103002,0.10660194174757254,0.012809264783295804,
